word,video_file,landmarks_file,landmarks_hands_only_file,num_frames,avg_landmarks,valid_frame_ratio,signer_id,avg_hands_detected,both_hands_ratio,one_hand_ratio,no_hand_ratio,quality_score,status,is_augmented,augmentation_type
POR_FAVOR,data/raw_videos/POR_FAVOR/POR_FAVOR_rep_2_120822.mp4,data/landmarks/POR_FAVOR/POR_FAVOR_rep_2_120822.npy,data/landmarks_hands_only/POR_FAVOR/POR_FAVOR_rep_2_120822.npy,60,51.55,0.8833333333333333,0,0.8833333333333333,0.0,0.8833333333333333,0.1166666666666666,0.948148148148148,ACCEPT,False,original
POR_FAVOR,data/raw_videos/POR_FAVOR/POR_FAVOR_rep_1_124439.mp4,data/landmarks/POR_FAVOR/POR_FAVOR_rep_1_124439.npy,data/landmarks_hands_only/POR_FAVOR/POR_FAVOR_rep_1_124439.npy,60,54.0,1.0,0,1.0,0.0,1.0,0.0,1.0,ACCEPT,False,original
BANIO,data/raw_videos/BANIO/BANIO_rep_3_105042.mp4,data/landmarks/BANIO/BANIO_rep_3_105042.npy,data/landmarks_hands_only/BANIO/BANIO_rep_3_105042.npy,60,53.65,0.9833333333333332,0,0.9833333333333332,0.0,0.9833333333333332,0.0166666666666666,0.9925925925925926,ACCEPT,False,original
YO,data/raw_videos/YO/YO_rep_0_112100.mp4,data/landmarks/YO/YO_rep_0_112100.npy,data/landmarks_hands_only/YO/YO_rep_0_112100.npy,60,54.0,1.0,0,1.0,0.0,1.0,0.0,1.0,ACCEPT,False,original
HOLA,data/raw_videos/HOLA/HOLA_rep_0_110150.mp4,data/landmarks/HOLA/HOLA_rep_0_110150.npy,data/landmarks_hands_only/HOLA/HOLA_rep_0_110150.npy,60,54.0,1.0,0,1.0,0.0,1.0,0.0,1.0,ACCEPT,False,original
BANIO,data/raw_videos/BANIO/BANIO_rep_2_105325.mp4,data/landmarks/BANIO/BANIO_rep_2_105325_aug_0.npy,data/landmarks_hands_only/BANIO/BANIO_rep_2_105325_aug_0.npy,60,53.65,0.9833333333333332,0,0.9833333333333332,0.0,0.9833333333333332,0.0166666666666666,0.9925925925925926,ACCEPT,True,temporal_warp+spatial_scale+gaussian_noise
TU,data/raw_videos/TU/TU_rep_2_111729.mp4,data/landmarks/TU/TU_rep_2_111729.npy,data/landmarks_hands_only/TU/TU_rep_2_111729.npy,60,54.0,1.0,0,1.0,0.0,1.0,0.0,1.0,ACCEPT,False,original
GRACIAS,data/raw_videos/GRACIAS/GRACIAS_rep_1_121023.mp4,data/landmarks/GRACIAS/GRACIAS_rep_1_121023_aug_0.npy,data/landmarks_hands_only/GRACIAS/GRACIAS_rep_1_121023_aug_0.npy,60,72.9,0.9833333333333332,0,1.9,0.9166666666666666,0.0666666666666666,0.0166666666666666,0.9735,ACCEPT,True,temporal_warp+spatial_scale+gaussian_noise
BANIO,data/raw_videos/BANIO/BANIO_rep_1_105411.mp4,data/landmarks/BANIO/BANIO_rep_1_105411.npy,data/landmarks_hands_only/BANIO/BANIO_rep_1_105411.npy,60,53.3,0.9666666666666668,0,0.9666666666666668,0.0,0.9666666666666668,0.0333333333333333,0.9851851851851852,ACCEPT,False,original
POR_FAVOR,data/raw_videos/POR_FAVOR/POR_FAVOR_rep_3_112557.mp4,data/landmarks/POR_FAVOR/POR_FAVOR_rep_3_112557.npy,data/landmarks_hands_only/POR_FAVOR/POR_FAVOR_rep_3_112557.npy,60,53.3,0.9666666666666668,0,0.9666666666666668,0.0,0.9666666666666668,0.0333333333333333,0.9851851851851852,ACCEPT,False,original
POR_FAVOR,data/raw_videos/POR_FAVOR/POR_FAVOR_rep_2_124150.mp4,data/landmarks/POR_FAVOR/POR_FAVOR_rep_2_124150.npy,data/landmarks_hands_only/POR_FAVOR/POR_FAVOR_rep_2_124150.npy,60,54.0,1.0,0,1.0,0.0,1.0,0.0,1.0,ACCEPT,False,original
AYUDA,data/raw_videos/AYUDA/AYUDA_rep_0_143213.mp4,data/landmarks/AYUDA/AYUDA_rep_0_143213_aug_0.npy,data/landmarks_hands_only/AYUDA/AYUDA_rep_0_143213_aug_0.npy,60,75.0,1.0,0,2.0,1.0,0.0,0.0,1.0,ACCEPT,True,temporal_warp+spatial_scale+gaussian_noise
BANIO,data/raw_videos/BANIO/BANIO_rep_3_105430.mp4,data/landmarks/BANIO/BANIO_rep_3_105430_aug_0.npy,data/landmarks_hands_only/BANIO/BANIO_rep_3_105430_aug_0.npy,60,52.6,0.9333333333333332,0,0.9333333333333332,0.0,0.9333333333333332,0.0666666666666666,0.9703703703703704,ACCEPT,True,temporal_warp+spatial_scale+gaussian_noise
BANIO,data/raw_videos/BANIO/BANIO_rep_2_143902.mp4,data/landmarks/BANIO/BANIO_rep_2_143902.npy,data/landmarks_hands_only/BANIO/BANIO_rep_2_143902.npy,60,53.3,0.9666666666666668,0,0.9666666666666668,0.0,0.9666666666666668,0.0333333333333333,0.9851851851851852,ACCEPT,False,original
TU,data/raw_videos/TU/TU_rep_0_111638.mp4,data/landmarks/TU/TU_rep_0_111638.npy,data/landmarks_hands_only/TU/TU_rep_0_111638.npy,60,52.6,0.9333333333333332,0,0.9333333333333332,0.0,0.9333333333333332,0.0666666666666666,0.9703703703703704,ACCEPT,False,original
AYUDA,data/raw_videos/AYUDA/AYUDA_rep_2_120507.mp4,data/landmarks/AYUDA/AYUDA_rep_2_120507_aug_0.npy,data/landmarks_hands_only/AYUDA/AYUDA_rep_2_120507_aug_0.npy,60,75.0,1.0,0,2.0,1.0,0.0,0.0,1.0,ACCEPT,True,temporal_warp+spatial_scale+gaussian_noise
HOLA,data/raw_videos/HOLA/HOLA_rep_2_114458.mp4,data/landmarks/HOLA/HOLA_rep_2_114458_aug_0.npy,data/landmarks_hands_only/HOLA/HOLA_rep_2_114458_aug_0.npy,60,52.95,0.95,0,0.95,0.0,0.95,0.05,0.977777777777778,ACCEPT,True,temporal_warp+spatial_scale+gaussian_noise
TU,data/raw_videos/TU/TU_rep_0_115131.mp4,data/landmarks/TU/TU_rep_0_115131_aug_0.npy,data/landmarks_hands_only/TU/TU_rep_0_115131_aug_0.npy,60,53.3,0.9666666666666668,0,0.9666666666666668,0.0,0.9666666666666668,0.0333333333333333,0.9851851851851852,ACCEPT,True,temporal_warp+spatial_scale+gaussian_noise
AYUDA,data/raw_videos/AYUDA/AYUDA_rep_0_120525.mp4,data/landmarks/AYUDA/AYUDA_rep_0_120525.npy,data/landmarks_hands_only/AYUDA/AYUDA_rep_0_120525.npy,60,73.25,0.9833333333333332,0,1.9166666666666667,0.9333333333333332,0.05,0.0166666666666666,0.9779166666666664,ACCEPT,False,original
SI,data/raw_videos/SI/SI_rep_1_154025.mp4,data/landmarks/SI/SI_rep_1_154025_aug_0.npy,data/landmarks_hands_only/SI/SI_rep_1_154025_aug_0.npy,60,51.2,0.8666666666666667,0,0.8666666666666667,0.0,0.8666666666666667,0.1333333333333333,0.9407407407407408,ACCEPT,True,temporal_warp+spatial_scale+gaussian_noise
HOLA,data/raw_videos/HOLA/HOLA_rep_0_110034.mp4,data/landmarks/HOLA/HOLA_rep_0_110034.npy,data/landmarks_hands_only/HOLA/HOLA_rep_0_110034.npy,60,52.95,0.95,0,0.95,0.0,0.95,0.05,0.977777777777778,ACCEPT,False,original
SI,data/raw_videos/SI/SI_rep_0_111138.mp4,data/landmarks/SI/SI_rep_0_111138_aug_0.npy,data/landmarks_hands_only/SI/SI_rep_0_111138_aug_0.npy,60,54.0,1.0,0,1.0,0.0,1.0,0.0,1.0,ACCEPT,True,temporal_warp+spatial_scale+gaussian_noise
COMER,data/raw_videos/COMER/COMER_rep_1_105613.mp4,data/landmarks/COMER/COMER_rep_1_105613.npy,data/landmarks_hands_only/COMER/COMER_rep_1_105613.npy,60,52.95,0.95,0,0.95,0.0,0.95,0.05,0.977777777777778,ACCEPT,False,original
GRACIAS,data/raw_videos/GRACIAS/GRACIAS_rep_0_123522.mp4,data/landmarks/GRACIAS/GRACIAS_rep_0_123522_aug_0.npy,data/landmarks_hands_only/GRACIAS/GRACIAS_rep_0_123522_aug_0.npy,60,71.5,0.9333333333333332,0,1.8333333333333333,0.9,0.0333333333333333,0.0666666666666666,0.9558333333333332,ACCEPT,True,temporal_warp+spatial_scale+gaussian_noise
AYUDA,data/raw_videos/AYUDA/AYUDA_rep_0_120455.mp4,data/landmarks/AYUDA/AYUDA_rep_0_120455.npy,data/landmarks_hands_only/AYUDA/AYUDA_rep_0_120455.npy,60,74.3,1.0,0,1.9666666666666663,0.9666666666666668,0.0333333333333333,0.0,0.9911666666666666,ACCEPT,False,original
COMER,data/raw_videos/COMER/COMER_rep_1_105613.mp4,data/landmarks/COMER/COMER_rep_1_105613_aug_0.npy,data/landmarks_hands_only/COMER/COMER_rep_1_105613_aug_0.npy,60,52.95,0.95,0,0.95,0.0,0.95,0.05,0.977777777777778,ACCEPT,True,temporal_warp+spatial_scale+gaussian_noise
COMER,data/raw_videos/COMER/COMER_rep_2_105823.mp4,data/landmarks/COMER/COMER_rep_2_105823_aug_0.npy,data/landmarks_hands_only/COMER/COMER_rep_2_105823_aug_0.npy,60,54.0,1.0,0,1.0,0.0,1.0,0.0,1.0,ACCEPT,True,temporal_warp+spatial_scale+gaussian_noise
NO,data/raw_videos/NO/NO_rep_1_110556.mp4,data/landmarks/NO/NO_rep_1_110556.npy,data/landmarks_hands_only/NO/NO_rep_1_110556.npy,60,54.0,1.0,0,1.0,0.0,1.0,0.0,1.0,ACCEPT,False,original
SI,data/raw_videos/SI/SI_rep_1_120358.mp4,data/landmarks/SI/SI_rep_1_120358_aug_0.npy,data/landmarks_hands_only/SI/SI_rep_1_120358_aug_0.npy,60,53.65,0.9833333333333332,0,0.9833333333333332,0.0,0.9833333333333332,0.0166666666666666,0.9925925925925926,ACCEPT,True,temporal_warp+spatial_scale+gaussian_noise
GRACIAS,data/raw_videos/GRACIAS/GRACIAS_rep_0_121216.mp4,data/landmarks/GRACIAS/GRACIAS_rep_0_121216.npy,data/landmarks_hands_only/GRACIAS/GRACIAS_rep_0_121216.npy,60,75.0,1.0,0,2.0,1.0,0.0,0.0,1.0,ACCEPT,False,original
SI,data/raw_videos/SI/SI_rep_2_154051.mp4,data/landmarks/SI/SI_rep_2_154051_aug_0.npy,data/landmarks_hands_only/SI/SI_rep_2_154051_aug_0.npy,60,50.5,0.8333333333333334,0,0.8333333333333334,0.0,0.8333333333333334,0.1666666666666666,0.925925925925926,ACCEPT,True,temporal_warp+spatial_scale+gaussian_noise
HOLA,data/raw_videos/HOLA/HOLA_rep_3_110250.mp4,data/landmarks/HOLA/HOLA_rep_3_110250_aug_0.npy,data/landmarks_hands_only/HOLA/HOLA_rep_3_110250_aug_0.npy,60,53.3,0.9666666666666668,0,0.9666666666666668,0.0,0.9666666666666668,0.0333333333333333,0.9851851851851852,ACCEPT,True,temporal_warp+spatial_scale+gaussian_noise
YO,data/raw_videos/YO/YO_rep_2_125359.mp4,data/landmarks/YO/YO_rep_2_125359_aug_0.npy,data/landmarks_hands_only/YO/YO_rep_2_125359_aug_0.npy,60,52.95,0.95,0,0.95,0.0,0.95,0.05,0.977777777777778,ACCEPT,True,temporal_warp+spatial_scale+gaussian_noise
HOLA,data/raw_videos/HOLA/HOLA_rep_0_110150.mp4,data/landmarks/HOLA/HOLA_rep_0_110150_aug_0.npy,data/landmarks_hands_only/HOLA/HOLA_rep_0_110150_aug_0.npy,60,54.0,1.0,0,1.0,0.0,1.0,0.0,1.0,ACCEPT,True,temporal_warp+spatial_scale+gaussian_noise
BANIO,data/raw_videos/BANIO/BANIO_rep_1_115504.mp4,data/landmarks/BANIO/BANIO_rep_1_115504.npy,data/landmarks_hands_only/BANIO/BANIO_rep_1_115504.npy,60,53.65,0.9833333333333332,0,0.9833333333333332,0.0,0.9833333333333332,0.0166666666666666,0.9925925925925926,ACCEPT,False,original
TU,data/raw_videos/TU/TU_rep_2_115121.mp4,data/landmarks/TU/TU_rep_2_115121.npy,data/landmarks_hands_only/TU/TU_rep_2_115121.npy,60,54.0,1.0,0,1.0,0.0,1.0,0.0,1.0,ACCEPT,False,original
HOLA,data/raw_videos/HOLA/HOLA_rep_3_110215.mp4,data/landmarks/HOLA/HOLA_rep_3_110215_aug_0.npy,data/landmarks_hands_only/HOLA/HOLA_rep_3_110215_aug_0.npy,60,52.95,0.95,0,0.95,0.0,0.95,0.05,0.977777777777778,ACCEPT,True,temporal_warp+spatial_scale+gaussian_noise
COMER,data/raw_videos/COMER/COMER_rep_0_105840.mp4,data/landmarks/COMER/COMER_rep_0_105840.npy,data/landmarks_hands_only/COMER/COMER_rep_0_105840.npy,60,53.65,0.9833333333333332,0,0.9833333333333332,0.0,0.9833333333333332,0.0166666666666666,0.9925925925925926,ACCEPT,False,original
SI,data/raw_videos/SI/SI_rep_3_110823.mp4,data/landmarks/SI/SI_rep_3_110823.npy,data/landmarks_hands_only/SI/SI_rep_3_110823.npy,60,53.3,0.9666666666666668,0,0.9666666666666668,0.0,0.9666666666666668,0.0333333333333333,0.9851851851851852,ACCEPT,False,original
GRACIAS,data/raw_videos/GRACIAS/GRACIAS_rep_0_121017.mp4,data/landmarks/GRACIAS/GRACIAS_rep_0_121017.npy,data/landmarks_hands_only/GRACIAS/GRACIAS_rep_0_121017.npy,60,72.2,1.0,0,1.8666666666666667,0.8666666666666667,0.1333333333333333,0.0,0.9646666666666668,ACCEPT,False,original
TU,data/raw_videos/TU/TU_rep_0_115131.mp4,data/landmarks/TU/TU_rep_0_115131.npy,data/landmarks_hands_only/TU/TU_rep_0_115131.npy,60,53.3,0.9666666666666668,0,0.9666666666666668,0.0,0.9666666666666668,0.0333333333333333,0.9851851851851852,ACCEPT,False,original
NO,data/raw_videos/NO/NO_rep_2_154444.mp4,data/landmarks/NO/NO_rep_2_154444.npy,data/landmarks_hands_only/NO/NO_rep_2_154444.npy,60,50.85,0.85,0,0.85,0.0,0.85,0.15,0.9333333333333332,ACCEPT,False,original
BANIO,data/raw_videos/BANIO/BANIO_rep_2_143748.mp4,data/landmarks/BANIO/BANIO_rep_2_143748.npy,data/landmarks_hands_only/BANIO/BANIO_rep_2_143748.npy,60,53.65,0.9833333333333332,0,0.9833333333333332,0.0,0.9833333333333332,0.0166666666666666,0.9925925925925926,ACCEPT,False,original
YO,data/raw_videos/YO/YO_rep_0_114912.mp4,data/landmarks/YO/YO_rep_0_114912.npy,data/landmarks_hands_only/YO/YO_rep_0_114912.npy,60,52.25,0.9166666666666666,0,0.9166666666666666,0.0,0.9166666666666666,0.0833333333333333,0.962962962962963,ACCEPT,False,original
COMER,data/raw_videos/COMER/COMER_rep_2_115701.mp4,data/landmarks/COMER/COMER_rep_2_115701.npy,data/landmarks_hands_only/COMER/COMER_rep_2_115701.npy,60,54.0,1.0,0,1.0,0.0,1.0,0.0,1.0,ACCEPT,False,original
COMER,data/raw_videos/COMER/COMER_rep_0_140816.mp4,data/landmarks/COMER/COMER_rep_0_140816_aug_0.npy,data/landmarks_hands_only/COMER/COMER_rep_0_140816_aug_0.npy,60,50.5,0.8333333333333334,0,0.8333333333333334,0.0,0.8333333333333334,0.1666666666666666,0.925925925925926,ACCEPT,True,temporal_warp+spatial_scale+gaussian_noise
COMER,data/raw_videos/COMER/COMER_rep_2_105626.mp4,data/landmarks/COMER/COMER_rep_2_105626.npy,data/landmarks_hands_only/COMER/COMER_rep_2_105626.npy,60,53.65,0.9833333333333332,0,0.9833333333333332,0.0,0.9833333333333332,0.0166666666666666,0.9925925925925926,ACCEPT,False,original
AYUDA,data/raw_videos/AYUDA/AYUDA_rep_0_114132.mp4,data/landmarks/AYUDA/AYUDA_rep_0_114132_aug_0.npy,data/landmarks_hands_only/AYUDA/AYUDA_rep_0_114132_aug_0.npy,60,71.85,1.0,0,1.85,0.85,0.15,0.0,0.96025,ACCEPT,True,temporal_warp+spatial_scale+gaussian_noise
YO,data/raw_videos/YO/YO_rep_2_125359.mp4,data/landmarks/YO/YO_rep_2_125359.npy,data/landmarks_hands_only/YO/YO_rep_2_125359.npy,60,52.95,0.95,0,0.95,0.0,0.95,0.05,0.977777777777778,ACCEPT,False,original
COMER,data/raw_videos/COMER/COMER_rep_0_140816.mp4,data/landmarks/COMER/COMER_rep_0_140816.npy,data/landmarks_hands_only/COMER/COMER_rep_0_140816.npy,60,50.5,0.8333333333333334,0,0.8333333333333334,0.0,0.8333333333333334,0.1666666666666666,0.925925925925926,ACCEPT,False,original
YO,data/raw_videos/YO/YO_rep_3_112203.mp4,data/landmarks/YO/YO_rep_3_112203.npy,data/landmarks_hands_only/YO/YO_rep_3_112203.npy,60,52.6,0.9333333333333332,0,0.9333333333333332,0.0,0.9333333333333332,0.0666666666666666,0.9703703703703704,ACCEPT,False,original
AYUDA,data/raw_videos/AYUDA/AYUDA_rep_0_143149.mp4,data/landmarks/AYUDA/AYUDA_rep_0_143149_aug_0.npy,data/landmarks_hands_only/AYUDA/AYUDA_rep_0_143149_aug_0.npy,60,73.25,1.0,0,1.9166666666666667,0.9166666666666666,0.0833333333333333,0.0,0.9779166666666664,ACCEPT,True,temporal_warp+spatial_scale+gaussian_noise
HOLA,data/raw_videos/HOLA/HOLA_rep_0_110225.mp4,data/landmarks/HOLA/HOLA_rep_0_110225_aug_0.npy,data/landmarks_hands_only/HOLA/HOLA_rep_0_110225_aug_0.npy,60,52.6,0.9333333333333332,0,0.9333333333333332,0.0,0.9333333333333332,0.0666666666666666,0.9703703703703704,ACCEPT,True,temporal_warp+spatial_scale+gaussian_noise
YO,data/raw_videos/YO/YO_rep_2_112315.mp4,data/landmarks/YO/YO_rep_2_112315_aug_0.npy,data/landmarks_hands_only/YO/YO_rep_2_112315_aug_0.npy,60,52.95,0.95,0,0.95,0.0,0.95,0.05,0.977777777777778,ACCEPT,True,temporal_warp+spatial_scale+gaussian_noise
BANIO,data/raw_videos/BANIO/BANIO_rep_2_105325.mp4,data/landmarks/BANIO/BANIO_rep_2_105325.npy,data/landmarks_hands_only/BANIO/BANIO_rep_2_105325.npy,60,53.65,0.9833333333333332,0,0.9833333333333332,0.0,0.9833333333333332,0.0166666666666666,0.9925925925925926,ACCEPT,False,original
NO,data/raw_videos/NO/NO_rep_1_110520.mp4,data/landmarks/NO/NO_rep_1_110520.npy,data/landmarks_hands_only/NO/NO_rep_1_110520.npy,60,53.65,0.9833333333333332,0,0.9833333333333332,0.0,0.9833333333333332,0.0166666666666666,0.9925925925925926,ACCEPT,False,original
TU,data/raw_videos/TU/TU_rep_1_115144.mp4,data/landmarks/TU/TU_rep_1_115144.npy,data/landmarks_hands_only/TU/TU_rep_1_115144.npy,60,54.0,1.0,0,1.0,0.0,1.0,0.0,1.0,ACCEPT,False,original
COMER,data/raw_videos/COMER/COMER_rep_2_115740.mp4,data/landmarks/COMER/COMER_rep_2_115740.npy,data/landmarks_hands_only/COMER/COMER_rep_2_115740.npy,60,53.3,0.9666666666666668,0,0.9666666666666668,0.0,0.9666666666666668,0.0333333333333333,0.9851851851851852,ACCEPT,False,original
HOLA,data/raw_videos/HOLA/HOLA_rep_2_110133.mp4,data/landmarks/HOLA/HOLA_rep_2_110133_aug_0.npy,data/landmarks_hands_only/HOLA/HOLA_rep_2_110133_aug_0.npy,60,52.95,0.95,0,0.95,0.0,0.95,0.05,0.977777777777778,ACCEPT,True,temporal_warp+spatial_scale+gaussian_noise
SI,data/raw_videos/SI/SI_rep_2_110859.mp4,data/landmarks/SI/SI_rep_2_110859_aug_0.npy,data/landmarks_hands_only/SI/SI_rep_2_110859_aug_0.npy,60,52.95,0.95,0,0.95,0.0,0.95,0.05,0.977777777777778,ACCEPT,True,temporal_warp+spatial_scale+gaussian_noise
NO,data/raw_videos/NO/NO_rep_0_154517.mp4,data/landmarks/NO/NO_rep_0_154517.npy,data/landmarks_hands_only/NO/NO_rep_0_154517.npy,60,50.5,0.8333333333333334,0,0.8333333333333334,0.0,0.8333333333333334,0.1666666666666666,0.925925925925926,ACCEPT,False,original
NO,data/raw_videos/NO/NO_rep_1_110347.mp4,data/landmarks/NO/NO_rep_1_110347.npy,data/landmarks_hands_only/NO/NO_rep_1_110347.npy,60,53.3,0.9666666666666668,0,0.9666666666666668,0.0,0.9666666666666668,0.0333333333333333,0.9851851851851852,ACCEPT,False,original
GRACIAS,data/raw_videos/GRACIAS/GRACIAS_rep_1_113739.mp4,data/landmarks/GRACIAS/GRACIAS_rep_1_113739.npy,data/landmarks_hands_only/GRACIAS/GRACIAS_rep_1_113739.npy,60,72.2,0.9333333333333332,0,1.8666666666666667,0.9333333333333332,0.0,0.0666666666666666,0.9646666666666668,ACCEPT,False,original
HOLA,data/raw_videos/HOLA/HOLA_rep_1_110046.mp4,data/landmarks/HOLA/HOLA_rep_1_110046_aug_0.npy,data/landmarks_hands_only/HOLA/HOLA_rep_1_110046_aug_0.npy,60,54.0,1.0,0,1.0,0.0,1.0,0.0,1.0,ACCEPT,True,temporal_warp+spatial_scale+gaussian_noise
POR_FAVOR,data/raw_videos/POR_FAVOR/POR_FAVOR_rep_0_120757.mp4,data/landmarks/POR_FAVOR/POR_FAVOR_rep_0_120757_aug_0.npy,data/landmarks_hands_only/POR_FAVOR/POR_FAVOR_rep_0_120757_aug_0.npy,60,53.3,0.9666666666666668,0,0.9666666666666668,0.0,0.9666666666666668,0.0333333333333333,0.9851851851851852,ACCEPT,True,temporal_warp+spatial_scale+gaussian_noise
GRACIAS,data/raw_videos/GRACIAS/GRACIAS_rep_1_121152.mp4,data/landmarks/GRACIAS/GRACIAS_rep_1_121152_aug_0.npy,data/landmarks_hands_only/GRACIAS/GRACIAS_rep_1_121152_aug_0.npy,60,74.65,1.0,0,1.9833333333333336,0.9833333333333332,0.0166666666666666,0.0,0.9955833333333334,ACCEPT,True,temporal_warp+spatial_scale+gaussian_noise
POR_FAVOR,data/raw_videos/POR_FAVOR/POR_FAVOR_rep_3_124459.mp4,data/landmarks/POR_FAVOR/POR_FAVOR_rep_3_124459.npy,data/landmarks_hands_only/POR_FAVOR/POR_FAVOR_rep_3_124459.npy,60,54.0,1.0,0,1.0,0.0,1.0,0.0,1.0,ACCEPT,False,original
TU,data/raw_videos/TU/TU_rep_3_111432.mp4,data/landmarks/TU/TU_rep_3_111432.npy,data/landmarks_hands_only/TU/TU_rep_3_111432.npy,60,52.95,0.95,0,0.95,0.0,0.95,0.05,0.977777777777778,ACCEPT,False,original
GRACIAS,data/raw_videos/GRACIAS/GRACIAS_rep_2_123535.mp4,data/landmarks/GRACIAS/GRACIAS_rep_2_123535.npy,data/landmarks_hands_only/GRACIAS/GRACIAS_rep_2_123535.npy,60,74.65,1.0,0,1.9833333333333336,0.9833333333333332,0.0166666666666666,0.0,0.9955833333333334,ACCEPT,False,original
BANIO,data/raw_videos/BANIO/BANIO_rep_1_115504.mp4,data/landmarks/BANIO/BANIO_rep_1_115504_aug_0.npy,data/landmarks_hands_only/BANIO/BANIO_rep_1_115504_aug_0.npy,60,53.65,0.9833333333333332,0,0.9833333333333332,0.0,0.9833333333333332,0.0166666666666666,0.9925925925925926,ACCEPT,True,temporal_warp+spatial_scale+gaussian_noise
COMER,data/raw_videos/COMER/COMER_rep_1_105810.mp4,data/landmarks/COMER/COMER_rep_1_105810.npy,data/landmarks_hands_only/COMER/COMER_rep_1_105810.npy,60,52.6,0.9166666666666666,0,0.9333333333333332,0.0166666666666666,0.9,0.0833333333333333,0.9662037037037036,ACCEPT,False,original
NO,data/raw_videos/NO/NO_rep_2_120008.mp4,data/landmarks/NO/NO_rep_2_120008_aug_0.npy,data/landmarks_hands_only/NO/NO_rep_2_120008_aug_0.npy,60,54.0,1.0,0,1.0,0.0,1.0,0.0,1.0,ACCEPT,True,temporal_warp+spatial_scale+gaussian_noise
TU,data/raw_videos/TU/TU_rep_1_111544.mp4,data/landmarks/TU/TU_rep_1_111544.npy,data/landmarks_hands_only/TU/TU_rep_1_111544.npy,60,52.95,0.95,0,0.95,0.0,0.95,0.05,0.977777777777778,ACCEPT,False,original
NO,data/raw_videos/NO/NO_rep_2_110422.mp4,data/landmarks/NO/NO_rep_2_110422.npy,data/landmarks_hands_only/NO/NO_rep_2_110422.npy,60,55.75,0.9833333333333332,0,1.0833333333333333,0.1,0.8833333333333333,0.0166666666666666,0.9958333333333332,ACCEPT,False,original
TU,data/raw_videos/TU/TU_rep_2_111658.mp4,data/landmarks/TU/TU_rep_2_111658.npy,data/landmarks_hands_only/TU/TU_rep_2_111658.npy,60,53.65,0.9833333333333332,0,0.9833333333333332,0.0,0.9833333333333332,0.0166666666666666,0.9925925925925926,ACCEPT,False,original
COMER,data/raw_videos/COMER/COMER_rep_2_115740.mp4,data/landmarks/COMER/COMER_rep_2_115740_aug_0.npy,data/landmarks_hands_only/COMER/COMER_rep_2_115740_aug_0.npy,60,53.3,0.9666666666666668,0,0.9666666666666668,0.0,0.9666666666666668,0.0333333333333333,0.9851851851851852,ACCEPT,True,temporal_warp+spatial_scale+gaussian_noise
TU,data/raw_videos/TU/TU_rep_3_111704.mp4,data/landmarks/TU/TU_rep_3_111704_aug_0.npy,data/landmarks_hands_only/TU/TU_rep_3_111704_aug_0.npy,60,52.95,0.95,0,0.95,0.0,0.95,0.05,0.977777777777778,ACCEPT,True,temporal_warp+spatial_scale+gaussian_noise
TU,data/raw_videos/TU/TU_rep_1_111503.mp4,data/landmarks/TU/TU_rep_1_111503_aug_0.npy,data/landmarks_hands_only/TU/TU_rep_1_111503_aug_0.npy,60,51.9,0.9,0,0.9,0.0,0.9,0.1,0.9555555555555556,ACCEPT,True,temporal_warp+spatial_scale+gaussian_noise
HOLA,data/raw_videos/HOLA/HOLA_rep_0_114603.mp4,data/landmarks/HOLA/HOLA_rep_0_114603_aug_0.npy,data/landmarks_hands_only/HOLA/HOLA_rep_0_114603_aug_0.npy,60,53.65,0.9833333333333332,0,0.9833333333333332,0.0,0.9833333333333332,0.0166666666666666,0.9925925925925926,ACCEPT,True,temporal_warp+spatial_scale+gaussian_noise
TU,data/raw_videos/TU/TU_rep_3_111615.mp4,data/landmarks/TU/TU_rep_3_111615.npy,data/landmarks_hands_only/TU/TU_rep_3_111615.npy,60,52.6,0.9333333333333332,0,0.9333333333333332,0.0,0.9333333333333332,0.0666666666666666,0.9703703703703704,ACCEPT,False,original
SI,data/raw_videos/SI/SI_rep_2_154202.mp4,data/landmarks/SI/SI_rep_2_154202.npy,data/landmarks_hands_only/SI/SI_rep_2_154202.npy,60,51.55,0.8833333333333333,0,0.8833333333333333,0.0,0.8833333333333333,0.1166666666666666,0.948148148148148,ACCEPT,False,original
AYUDA,data/raw_videos/AYUDA/AYUDA_rep_1_143220.mp4,data/landmarks/AYUDA/AYUDA_rep_1_143220_aug_0.npy,data/landmarks_hands_only/AYUDA/AYUDA_rep_1_143220_aug_0.npy,60,72.9,1.0,0,1.9,0.9,0.1,0.0,0.9735,ACCEPT,True,temporal_warp+spatial_scale+gaussian_noise
HOLA,data/raw_videos/HOLA/HOLA_rep_0_121603.mp4,data/landmarks/HOLA/HOLA_rep_0_121603.npy,data/landmarks_hands_only/HOLA/HOLA_rep_0_121603.npy,60,53.65,0.9833333333333332,0,0.9833333333333332,0.0,0.9833333333333332,0.0166666666666666,0.9925925925925926,ACCEPT,False,original
GRACIAS,data/raw_videos/GRACIAS/GRACIAS_rep_1_113645.mp4,data/landmarks/GRACIAS/GRACIAS_rep_1_113645.npy,data/landmarks_hands_only/GRACIAS/GRACIAS_rep_1_113645.npy,60,73.25,0.9666666666666668,0,1.9166666666666667,0.95,0.0166666666666666,0.0333333333333333,0.9779166666666668,ACCEPT,False,original
NO,data/raw_videos/NO/NO_rep_1_110556.mp4,data/landmarks/NO/NO_rep_1_110556_aug_0.npy,data/landmarks_hands_only/NO/NO_rep_1_110556_aug_0.npy,60,54.0,1.0,0,1.0,0.0,1.0,0.0,1.0,ACCEPT,True,temporal_warp+spatial_scale+gaussian_noise
GRACIAS,data/raw_videos/GRACIAS/GRACIAS_rep_3_113758.mp4,data/landmarks/GRACIAS/GRACIAS_rep_3_113758.npy,data/landmarks_hands_only/GRACIAS/GRACIAS_rep_3_113758.npy,60,73.6,0.9666666666666668,0,1.9333333333333331,0.9666666666666668,0.0,0.0333333333333333,0.9823333333333332,ACCEPT,False,original
YO,data/raw_videos/YO/YO_rep_3_112203.mp4,data/landmarks/YO/YO_rep_3_112203_aug_0.npy,data/landmarks_hands_only/YO/YO_rep_3_112203_aug_0.npy,60,52.6,0.9333333333333332,0,0.9333333333333332,0.0,0.9333333333333332,0.0666666666666666,0.9703703703703704,ACCEPT,True,temporal_warp+spatial_scale+gaussian_noise
BANIO,data/raw_videos/BANIO/BANIO_rep_2_105143.mp4,data/landmarks/BANIO/BANIO_rep_2_105143_aug_0.npy,data/landmarks_hands_only/BANIO/BANIO_rep_2_105143_aug_0.npy,60,53.3,0.9666666666666668,0,0.9666666666666668,0.0,0.9666666666666668,0.0333333333333333,0.9851851851851852,ACCEPT,True,temporal_warp+spatial_scale+gaussian_noise
AYUDA,data/raw_videos/AYUDA/AYUDA_rep_0_143149.mp4,data/landmarks/AYUDA/AYUDA_rep_0_143149.npy,data/landmarks_hands_only/AYUDA/AYUDA_rep_0_143149.npy,60,73.25,1.0,0,1.9166666666666667,0.9166666666666666,0.0833333333333333,0.0,0.9779166666666664,ACCEPT,False,original
BANIO,data/raw_videos/BANIO/BANIO_rep_2_105515.mp4,data/landmarks/BANIO/BANIO_rep_2_105515.npy,data/landmarks_hands_only/BANIO/BANIO_rep_2_105515.npy,60,53.65,0.9833333333333332,0,0.9833333333333332,0.0,0.9833333333333332,0.0166666666666666,0.9925925925925926,ACCEPT,False,original
TU,data/raw_videos/TU/TU_rep_2_125739.mp4,data/landmarks/TU/TU_rep_2_125739_aug_0.npy,data/landmarks_hands_only/TU/TU_rep_2_125739_aug_0.npy,60,52.25,0.9166666666666666,0,0.9166666666666666,0.0,0.9166666666666666,0.0833333333333333,0.962962962962963,ACCEPT,True,temporal_warp+spatial_scale+gaussian_noise
SI,data/raw_videos/SI/SI_rep_2_154051.mp4,data/landmarks/SI/SI_rep_2_154051.npy,data/landmarks_hands_only/SI/SI_rep_2_154051.npy,60,50.5,0.8333333333333334,0,0.8333333333333334,0.0,0.8333333333333334,0.1666666666666666,0.925925925925926,ACCEPT,False,original
COMER,data/raw_videos/COMER/COMER_rep_0_115642.mp4,data/landmarks/COMER/COMER_rep_0_115642.npy,data/landmarks_hands_only/COMER/COMER_rep_0_115642.npy,60,52.95,0.95,0,0.95,0.0,0.95,0.05,0.977777777777778,ACCEPT,False,original
POR_FAVOR,data/raw_videos/POR_FAVOR/POR_FAVOR_rep_1_120910.mp4,data/landmarks/POR_FAVOR/POR_FAVOR_rep_1_120910.npy,data/landmarks_hands_only/POR_FAVOR/POR_FAVOR_rep_1_120910.npy,60,54.0,1.0,0,1.0,0.0,1.0,0.0,1.0,ACCEPT,False,original
YO,data/raw_videos/YO/YO_rep_3_112119.mp4,data/landmarks/YO/YO_rep_3_112119_aug_0.npy,data/landmarks_hands_only/YO/YO_rep_3_112119_aug_0.npy,60,52.6,0.9333333333333332,0,0.9333333333333332,0.0,0.9333333333333332,0.0666666666666666,0.9703703703703704,ACCEPT,True,temporal_warp+spatial_scale+gaussian_noise
COMER,data/raw_videos/COMER/COMER_rep_3_115714.mp4,data/landmarks/COMER/COMER_rep_3_115714.npy,data/landmarks_hands_only/COMER/COMER_rep_3_115714.npy,60,54.0,1.0,0,1.0,0.0,1.0,0.0,1.0,ACCEPT,False,original
YO,data/raw_videos/YO/YO_rep_0_114831.mp4,data/landmarks/YO/YO_rep_0_114831_aug_0.npy,data/landmarks_hands_only/YO/YO_rep_0_114831_aug_0.npy,60,51.9,0.9,0,0.9,0.0,0.9,0.1,0.9555555555555556,ACCEPT,True,temporal_warp+spatial_scale+gaussian_noise
HOLA,data/raw_videos/HOLA/HOLA_rep_0_110005.mp4,data/landmarks/HOLA/HOLA_rep_0_110005.npy,data/landmarks_hands_only/HOLA/HOLA_rep_0_110005.npy,60,54.0,1.0,0,1.0,0.0,1.0,0.0,1.0,ACCEPT,False,original
COMER,data/raw_videos/COMER/COMER_rep_3_105724.mp4,data/landmarks/COMER/COMER_rep_3_105724_aug_0.npy,data/landmarks_hands_only/COMER/COMER_rep_3_105724_aug_0.npy,60,54.0,1.0,0,1.0,0.0,1.0,0.0,1.0,ACCEPT,True,temporal_warp+spatial_scale+gaussian_noise
POR_FAVOR,data/raw_videos/POR_FAVOR/POR_FAVOR_rep_1_112900.mp4,data/landmarks/POR_FAVOR/POR_FAVOR_rep_1_112900_aug_0.npy,data/landmarks_hands_only/POR_FAVOR/POR_FAVOR_rep_1_112900_aug_0.npy,60,53.65,0.9833333333333332,0,0.9833333333333332,0.0,0.9833333333333332,0.0166666666666666,0.9925925925925926,ACCEPT,True,temporal_warp+spatial_scale+gaussian_noise
NO,data/raw_videos/NO/NO_rep_0_115943.mp4,data/landmarks/NO/NO_rep_0_115943.npy,data/landmarks_hands_only/NO/NO_rep_0_115943.npy,60,53.65,0.9833333333333332,0,0.9833333333333332,0.0,0.9833333333333332,0.0166666666666666,0.9925925925925926,ACCEPT,False,original
YO,data/raw_videos/YO/YO_rep_0_115007.mp4,data/landmarks/YO/YO_rep_0_115007.npy,data/landmarks_hands_only/YO/YO_rep_0_115007.npy,60,52.95,0.95,0,0.95,0.0,0.95,0.05,0.977777777777778,ACCEPT,False,original
NO,data/raw_videos/NO/NO_rep_1_115926.mp4,data/landmarks/NO/NO_rep_1_115926_aug_0.npy,data/landmarks_hands_only/NO/NO_rep_1_115926_aug_0.npy,60,54.0,1.0,0,1.0,0.0,1.0,0.0,1.0,ACCEPT,True,temporal_warp+spatial_scale+gaussian_noise
HOLA,data/raw_videos/HOLA/HOLA_rep_0_114301.mp4,data/landmarks/HOLA/HOLA_rep_0_114301_aug_0.npy,data/landmarks_hands_only/HOLA/HOLA_rep_0_114301_aug_0.npy,60,52.6,0.9333333333333332,0,0.9333333333333332,0.0,0.9333333333333332,0.0666666666666666,0.9703703703703704,ACCEPT,True,temporal_warp+spatial_scale+gaussian_noise
NO,data/raw_videos/NO/NO_rep_2_154531.mp4,data/landmarks/NO/NO_rep_2_154531_aug_0.npy,data/landmarks_hands_only/NO/NO_rep_2_154531_aug_0.npy,60,51.2,0.8666666666666667,0,0.8666666666666667,0.0,0.8666666666666667,0.1333333333333333,0.9407407407407408,ACCEPT,True,temporal_warp+spatial_scale+gaussian_noise
GRACIAS,data/raw_videos/GRACIAS/GRACIAS_rep_3_113626.mp4,data/landmarks/GRACIAS/GRACIAS_rep_3_113626_aug_0.npy,data/landmarks_hands_only/GRACIAS/GRACIAS_rep_3_113626_aug_0.npy,60,73.95,0.9833333333333332,0,1.95,0.9666666666666668,0.0166666666666666,0.0166666666666666,0.98675,ACCEPT,True,temporal_warp+spatial_scale+gaussian_noise
NO,data/raw_videos/NO/NO_rep_1_110416.mp4,data/landmarks/NO/NO_rep_1_110416_aug_0.npy,data/landmarks_hands_only/NO/NO_rep_1_110416_aug_0.npy,60,54.0,1.0,0,1.0,0.0,1.0,0.0,1.0,ACCEPT,True,temporal_warp+spatial_scale+gaussian_noise
POR_FAVOR,data/raw_videos/POR_FAVOR/POR_FAVOR_rep_1_124258.mp4,data/landmarks/POR_FAVOR/POR_FAVOR_rep_1_124258_aug_0.npy,data/landmarks_hands_only/POR_FAVOR/POR_FAVOR_rep_1_124258_aug_0.npy,60,54.0,1.0,0,1.0,0.0,1.0,0.0,1.0,ACCEPT,True,temporal_warp+spatial_scale+gaussian_noise
YO,data/raw_videos/YO/YO_rep_0_114912.mp4,data/landmarks/YO/YO_rep_0_114912_aug_0.npy,data/landmarks_hands_only/YO/YO_rep_0_114912_aug_0.npy,60,52.25,0.9166666666666666,0,0.9166666666666666,0.0,0.9166666666666666,0.0833333333333333,0.962962962962963,ACCEPT,True,temporal_warp+spatial_scale+gaussian_noise
NO,data/raw_videos/NO/NO_rep_1_110347.mp4,data/landmarks/NO/NO_rep_1_110347_aug_0.npy,data/landmarks_hands_only/NO/NO_rep_1_110347_aug_0.npy,60,53.3,0.9666666666666668,0,0.9666666666666668,0.0,0.9666666666666668,0.0333333333333333,0.9851851851851852,ACCEPT,True,temporal_warp+spatial_scale+gaussian_noise
TU,data/raw_videos/TU/TU_rep_2_111509.mp4,data/landmarks/TU/TU_rep_2_111509_aug_0.npy,data/landmarks_hands_only/TU/TU_rep_2_111509_aug_0.npy,60,53.65,0.9833333333333332,0,0.9833333333333332,0.0,0.9833333333333332,0.0166666666666666,0.9925925925925926,ACCEPT,True,temporal_warp+spatial_scale+gaussian_noise
POR_FAVOR,data/raw_videos/POR_FAVOR/POR_FAVOR_rep_2_112632.mp4,data/landmarks/POR_FAVOR/POR_FAVOR_rep_2_112632.npy,data/landmarks_hands_only/POR_FAVOR/POR_FAVOR_rep_2_112632.npy,60,53.3,0.9666666666666668,0,0.9666666666666668,0.0,0.9666666666666668,0.0333333333333333,0.9851851851851852,ACCEPT,False,original
HOLA,data/raw_videos/HOLA/HOLA_rep_0_114540.mp4,data/landmarks/HOLA/HOLA_rep_0_114540.npy,data/landmarks_hands_only/HOLA/HOLA_rep_0_114540.npy,60,53.65,0.9833333333333332,0,0.9833333333333332,0.0,0.9833333333333332,0.0166666666666666,0.9925925925925926,ACCEPT,False,original
SI,data/raw_videos/SI/SI_rep_2_120300.mp4,data/landmarks/SI/SI_rep_2_120300_aug_0.npy,data/landmarks_hands_only/SI/SI_rep_2_120300_aug_0.npy,60,53.3,0.9666666666666668,0,0.9666666666666668,0.0,0.9666666666666668,0.0333333333333333,0.9851851851851852,ACCEPT,True,temporal_warp+spatial_scale+gaussian_noise
COMER,data/raw_videos/COMER/COMER_rep_1_105846.mp4,data/landmarks/COMER/COMER_rep_1_105846_aug_0.npy,data/landmarks_hands_only/COMER/COMER_rep_1_105846_aug_0.npy,60,51.55,0.8833333333333333,0,0.8833333333333333,0.0,0.8833333333333333,0.1166666666666666,0.948148148148148,ACCEPT,True,temporal_warp+spatial_scale+gaussian_noise
POR_FAVOR,data/raw_videos/POR_FAVOR/POR_FAVOR_rep_0_112532.mp4,data/landmarks/POR_FAVOR/POR_FAVOR_rep_0_112532_aug_0.npy,data/landmarks_hands_only/POR_FAVOR/POR_FAVOR_rep_0_112532_aug_0.npy,60,53.3,0.9666666666666668,0,0.9666666666666668,0.0,0.9666666666666668,0.0333333333333333,0.9851851851851852,ACCEPT,True,temporal_warp+spatial_scale+gaussian_noise
BANIO,data/raw_videos/BANIO/BANIO_rep_1_105017.mp4,data/landmarks/BANIO/BANIO_rep_1_105017.npy,data/landmarks_hands_only/BANIO/BANIO_rep_1_105017.npy,60,53.3,0.9666666666666668,0,0.9666666666666668,0.0,0.9666666666666668,0.0333333333333333,0.9851851851851852,ACCEPT,False,original
YO,data/raw_videos/YO/YO_rep_1_125431.mp4,data/landmarks/YO/YO_rep_1_125431_aug_0.npy,data/landmarks_hands_only/YO/YO_rep_1_125431_aug_0.npy,60,52.6,0.9333333333333332,0,0.9333333333333332,0.0,0.9333333333333332,0.0666666666666666,0.9703703703703704,ACCEPT,True,temporal_warp+spatial_scale+gaussian_noise
AYUDA,data/raw_videos/AYUDA/AYUDA_rep_2_120619.mp4,data/landmarks/AYUDA/AYUDA_rep_2_120619.npy,data/landmarks_hands_only/AYUDA/AYUDA_rep_2_120619.npy,60,74.65,1.0,0,1.9833333333333336,0.9833333333333332,0.0166666666666666,0.0,0.9955833333333334,ACCEPT,False,original
BANIO,data/raw_videos/BANIO/BANIO_rep_0_105248.mp4,data/landmarks/BANIO/BANIO_rep_0_105248_aug_0.npy,data/landmarks_hands_only/BANIO/BANIO_rep_0_105248_aug_0.npy,60,52.25,0.9166666666666666,0,0.9166666666666666,0.0,0.9166666666666666,0.0833333333333333,0.962962962962963,ACCEPT,True,temporal_warp+spatial_scale+gaussian_noise
YO,data/raw_videos/YO/YO_rep_1_114855.mp4,data/landmarks/YO/YO_rep_1_114855_aug_0.npy,data/landmarks_hands_only/YO/YO_rep_1_114855_aug_0.npy,60,54.0,1.0,0,1.0,0.0,1.0,0.0,1.0,ACCEPT,True,temporal_warp+spatial_scale+gaussian_noise
SI,data/raw_videos/SI/SI_rep_1_110846.mp4,data/landmarks/SI/SI_rep_1_110846.npy,data/landmarks_hands_only/SI/SI_rep_1_110846.npy,60,53.3,0.9666666666666668,0,0.9666666666666668,0.0,0.9666666666666668,0.0333333333333333,0.9851851851851852,ACCEPT,False,original
SI,data/raw_videos/SI/SI_rep_0_120235.mp4,data/landmarks/SI/SI_rep_0_120235_aug_0.npy,data/landmarks_hands_only/SI/SI_rep_0_120235_aug_0.npy,60,54.7,1.0,0,1.0333333333333334,0.0333333333333333,0.9666666666666668,0.0,1.0,ACCEPT,True,temporal_warp+spatial_scale+gaussian_noise
TU,data/raw_videos/TU/TU_rep_2_111509.mp4,data/landmarks/TU/TU_rep_2_111509.npy,data/landmarks_hands_only/TU/TU_rep_2_111509.npy,60,53.65,0.9833333333333332,0,0.9833333333333332,0.0,0.9833333333333332,0.0166666666666666,0.9925925925925926,ACCEPT,False,original
COMER,data/raw_videos/COMER/COMER_rep_0_105659.mp4,data/landmarks/COMER/COMER_rep_0_105659_aug_0.npy,data/landmarks_hands_only/COMER/COMER_rep_0_105659_aug_0.npy,60,54.0,1.0,0,1.0,0.0,1.0,0.0,1.0,ACCEPT,True,temporal_warp+spatial_scale+gaussian_noise
GRACIAS,data/raw_videos/GRACIAS/GRACIAS_rep_1_121152.mp4,data/landmarks/GRACIAS/GRACIAS_rep_1_121152.npy,data/landmarks_hands_only/GRACIAS/GRACIAS_rep_1_121152.npy,60,74.65,1.0,0,1.9833333333333336,0.9833333333333332,0.0166666666666666,0.0,0.9955833333333334,ACCEPT,False,original
POR_FAVOR,data/raw_videos/POR_FAVOR/POR_FAVOR_rep_1_112825.mp4,data/landmarks/POR_FAVOR/POR_FAVOR_rep_1_112825.npy,data/landmarks_hands_only/POR_FAVOR/POR_FAVOR_rep_1_112825.npy,60,51.9,0.9,0,0.9,0.0,0.9,0.1,0.9555555555555556,ACCEPT,False,original
SI,data/raw_videos/SI/SI_rep_0_110805.mp4,data/landmarks/SI/SI_rep_0_110805_aug_0.npy,data/landmarks_hands_only/SI/SI_rep_0_110805_aug_0.npy,60,54.0,1.0,0,1.0,0.0,1.0,0.0,1.0,ACCEPT,True,temporal_warp+spatial_scale+gaussian_noise
COMER,data/raw_videos/COMER/COMER_rep_3_105906.mp4,data/landmarks/COMER/COMER_rep_3_105906_aug_0.npy,data/landmarks_hands_only/COMER/COMER_rep_3_105906_aug_0.npy,60,54.0,1.0,0,1.0,0.0,1.0,0.0,1.0,ACCEPT,True,temporal_warp+spatial_scale+gaussian_noise
NO,data/raw_videos/NO/NO_rep_0_110438.mp4,data/landmarks/NO/NO_rep_0_110438_aug_0.npy,data/landmarks_hands_only/NO/NO_rep_0_110438_aug_0.npy,60,54.0,1.0,0,1.0,0.0,1.0,0.0,1.0,ACCEPT,True,temporal_warp+spatial_scale+gaussian_noise
POR_FAVOR,data/raw_videos/POR_FAVOR/POR_FAVOR_rep_2_112831.mp4,data/landmarks/POR_FAVOR/POR_FAVOR_rep_2_112831.npy,data/landmarks_hands_only/POR_FAVOR/POR_FAVOR_rep_2_112831.npy,60,52.6,0.9333333333333332,0,0.9333333333333332,0.0,0.9333333333333332,0.0666666666666666,0.9703703703703704,ACCEPT,False,original
POR_FAVOR,data/raw_videos/POR_FAVOR/POR_FAVOR_rep_2_112831.mp4,data/landmarks/POR_FAVOR/POR_FAVOR_rep_2_112831_aug_0.npy,data/landmarks_hands_only/POR_FAVOR/POR_FAVOR_rep_2_112831_aug_0.npy,60,52.6,0.9333333333333332,0,0.9333333333333332,0.0,0.9333333333333332,0.0666666666666666,0.9703703703703704,ACCEPT,True,temporal_warp+spatial_scale+gaussian_noise
COMER,data/raw_videos/COMER/COMER_rep_0_105840.mp4,data/landmarks/COMER/COMER_rep_0_105840_aug_0.npy,data/landmarks_hands_only/COMER/COMER_rep_0_105840_aug_0.npy,60,53.65,0.9833333333333332,0,0.9833333333333332,0.0,0.9833333333333332,0.0166666666666666,0.9925925925925926,ACCEPT,True,temporal_warp+spatial_scale+gaussian_noise
AYUDA,data/raw_videos/AYUDA/AYUDA_rep_3_120625.mp4,data/landmarks/AYUDA/AYUDA_rep_3_120625_aug_0.npy,data/landmarks_hands_only/AYUDA/AYUDA_rep_3_120625_aug_0.npy,60,73.25,1.0,0,1.9166666666666667,0.9166666666666666,0.0833333333333333,0.0,0.9779166666666664,ACCEPT,True,temporal_warp+spatial_scale+gaussian_noise
SI,data/raw_videos/SI/SI_rep_2_110817.mp4,data/landmarks/SI/SI_rep_2_110817_aug_0.npy,data/landmarks_hands_only/SI/SI_rep_2_110817_aug_0.npy,60,54.0,1.0,0,1.0,0.0,1.0,0.0,1.0,ACCEPT,True,temporal_warp+spatial_scale+gaussian_noise
SI,data/raw_videos/SI/SI_rep_2_120213.mp4,data/landmarks/SI/SI_rep_2_120213_aug_0.npy,data/landmarks_hands_only/SI/SI_rep_2_120213_aug_0.npy,60,52.95,0.95,0,0.95,0.0,0.95,0.05,0.977777777777778,ACCEPT,True,temporal_warp+spatial_scale+gaussian_noise
POR_FAVOR,data/raw_videos/POR_FAVOR/POR_FAVOR_rep_3_124459.mp4,data/landmarks/POR_FAVOR/POR_FAVOR_rep_3_124459_aug_0.npy,data/landmarks_hands_only/POR_FAVOR/POR_FAVOR_rep_3_124459_aug_0.npy,60,54.0,1.0,0,1.0,0.0,1.0,0.0,1.0,ACCEPT,True,temporal_warp+spatial_scale+gaussian_noise
YO,data/raw_videos/YO/YO_rep_2_114954.mp4,data/landmarks/YO/YO_rep_2_114954_aug_0.npy,data/landmarks_hands_only/YO/YO_rep_2_114954_aug_0.npy,60,52.95,0.95,0,0.95,0.0,0.95,0.05,0.977777777777778,ACCEPT,True,temporal_warp+spatial_scale+gaussian_noise
HOLA,data/raw_videos/HOLA/HOLA_rep_2_110133.mp4,data/landmarks/HOLA/HOLA_rep_2_110133.npy,data/landmarks_hands_only/HOLA/HOLA_rep_2_110133.npy,60,52.95,0.95,0,0.95,0.0,0.95,0.05,0.977777777777778,ACCEPT,False,original
NO,data/raw_videos/NO/NO_rep_0_110341.mp4,data/landmarks/NO/NO_rep_0_110341_aug_0.npy,data/landmarks_hands_only/NO/NO_rep_0_110341_aug_0.npy,60,52.25,0.9166666666666666,0,0.9166666666666666,0.0,0.9166666666666666,0.0833333333333333,0.962962962962963,ACCEPT,True,temporal_warp+spatial_scale+gaussian_noise
YO,data/raw_videos/YO/YO_rep_0_114941.mp4,data/landmarks/YO/YO_rep_0_114941.npy,data/landmarks_hands_only/YO/YO_rep_0_114941.npy,60,52.95,0.95,0,0.95,0.0,0.95,0.05,0.977777777777778,ACCEPT,False,original
HOLA,data/raw_videos/HOLA/HOLA_rep_2_110052.mp4,data/landmarks/HOLA/HOLA_rep_2_110052_aug_0.npy,data/landmarks_hands_only/HOLA/HOLA_rep_2_110052_aug_0.npy,60,52.95,0.95,0,0.95,0.0,0.95,0.05,0.977777777777778,ACCEPT,True,temporal_warp+spatial_scale+gaussian_noise
COMER,data/raw_videos/COMER/COMER_rep_0_105734.mp4,data/landmarks/COMER/COMER_rep_0_105734.npy,data/landmarks_hands_only/COMER/COMER_rep_0_105734.npy,60,52.25,0.9166666666666666,0,0.9166666666666666,0.0,0.9166666666666666,0.0833333333333333,0.962962962962963,ACCEPT,False,original
YO,data/raw_videos/YO/YO_rep_0_115007.mp4,data/landmarks/YO/YO_rep_0_115007_aug_0.npy,data/landmarks_hands_only/YO/YO_rep_0_115007_aug_0.npy,60,52.95,0.95,0,0.95,0.0,0.95,0.05,0.977777777777778,ACCEPT,True,temporal_warp+spatial_scale+gaussian_noise
HOLA,data/raw_videos/HOLA/HOLA_rep_0_114540.mp4,data/landmarks/HOLA/HOLA_rep_0_114540_aug_0.npy,data/landmarks_hands_only/HOLA/HOLA_rep_0_114540_aug_0.npy,60,53.65,0.9833333333333332,0,0.9833333333333332,0.0,0.9833333333333332,0.0166666666666666,0.9925925925925926,ACCEPT,True,temporal_warp+spatial_scale+gaussian_noise
AYUDA,data/raw_videos/AYUDA/AYUDA_rep_0_114132 copy.mp4,data/landmarks/AYUDA/AYUDA_rep_0_114132 copy_aug_0.npy,data/landmarks_hands_only/AYUDA/AYUDA_rep_0_114132 copy_aug_0.npy,60,74.3,1.0,0,1.9666666666666663,0.9666666666666668,0.0333333333333333,0.0,0.9911666666666666,ACCEPT,True,temporal_warp+spatial_scale+gaussian_noise
BANIO,data/raw_videos/BANIO/BANIO_rep_3_115547.mp4,data/landmarks/BANIO/BANIO_rep_3_115547.npy,data/landmarks_hands_only/BANIO/BANIO_rep_3_115547.npy,60,52.95,0.95,0,0.95,0.0,0.95,0.05,0.977777777777778,ACCEPT,False,original
TU,data/raw_videos/TU/TU_rep_2_111729.mp4,data/landmarks/TU/TU_rep_2_111729_aug_0.npy,data/landmarks_hands_only/TU/TU_rep_2_111729_aug_0.npy,60,54.0,1.0,0,1.0,0.0,1.0,0.0,1.0,ACCEPT,True,temporal_warp+spatial_scale+gaussian_noise
POR_FAVOR,data/raw_videos/POR_FAVOR/POR_FAVOR_rep_2_112942.mp4,data/landmarks/POR_FAVOR/POR_FAVOR_rep_2_112942.npy,data/landmarks_hands_only/POR_FAVOR/POR_FAVOR_rep_2_112942.npy,60,54.0,1.0,0,1.0,0.0,1.0,0.0,1.0,ACCEPT,False,original
HOLA,data/raw_videos/HOLA/HOLA_rep_3_110058.mp4,data/landmarks/HOLA/HOLA_rep_3_110058_aug_0.npy,data/landmarks_hands_only/HOLA/HOLA_rep_3_110058_aug_0.npy,60,54.0,1.0,0,1.0,0.0,1.0,0.0,1.0,ACCEPT,True,temporal_warp+spatial_scale+gaussian_noise
HOLA,data/raw_videos/HOLA/HOLA_rep_3_110024.mp4,data/landmarks/HOLA/HOLA_rep_3_110024_aug_0.npy,data/landmarks_hands_only/HOLA/HOLA_rep_3_110024_aug_0.npy,60,53.3,0.9666666666666668,0,0.9666666666666668,0.0,0.9666666666666668,0.0333333333333333,0.9851851851851852,ACCEPT,True,temporal_warp+spatial_scale+gaussian_noise
BANIO,data/raw_videos/BANIO/BANIO_rep_3_115547.mp4,data/landmarks/BANIO/BANIO_rep_3_115547_aug_0.npy,data/landmarks_hands_only/BANIO/BANIO_rep_3_115547_aug_0.npy,60,52.95,0.95,0,0.95,0.0,0.95,0.05,0.977777777777778,ACCEPT,True,temporal_warp+spatial_scale+gaussian_noise
TU,data/raw_videos/TU/TU_rep_3_111615.mp4,data/landmarks/TU/TU_rep_3_111615_aug_0.npy,data/landmarks_hands_only/TU/TU_rep_3_111615_aug_0.npy,60,52.6,0.9333333333333332,0,0.9333333333333332,0.0,0.9333333333333332,0.0666666666666666,0.9703703703703704,ACCEPT,True,temporal_warp+spatial_scale+gaussian_noise
AYUDA,data/raw_videos/AYUDA/AYUDA_rep_0_114132.mp4,data/landmarks/AYUDA/AYUDA_rep_0_114132.npy,data/landmarks_hands_only/AYUDA/AYUDA_rep_0_114132.npy,60,71.85,1.0,0,1.85,0.85,0.15,0.0,0.96025,ACCEPT,False,original
HOLA,data/raw_videos/HOLA/HOLA_rep_3_121811.mp4,data/landmarks/HOLA/HOLA_rep_3_121811_aug_0.npy,data/landmarks_hands_only/HOLA/HOLA_rep_3_121811_aug_0.npy,60,54.0,1.0,0,1.0,0.0,1.0,0.0,1.0,ACCEPT,True,temporal_warp+spatial_scale+gaussian_noise
POR_FAVOR,data/raw_videos/POR_FAVOR/POR_FAVOR_rep_2_112720.mp4,data/landmarks/POR_FAVOR/POR_FAVOR_rep_2_112720_aug_0.npy,data/landmarks_hands_only/POR_FAVOR/POR_FAVOR_rep_2_112720_aug_0.npy,60,53.3,0.9666666666666668,0,0.9666666666666668,0.0,0.9666666666666668,0.0333333333333333,0.9851851851851852,ACCEPT,True,temporal_warp+spatial_scale+gaussian_noise
NO,data/raw_videos/NO/NO_rep_1_154431.mp4,data/landmarks/NO/NO_rep_1_154431.npy,data/landmarks_hands_only/NO/NO_rep_1_154431.npy,60,51.55,0.8833333333333333,0,0.8833333333333333,0.0,0.8833333333333333,0.1166666666666666,0.948148148148148,ACCEPT,False,original
HOLA,data/raw_videos/HOLA/HOLA_rep_1_110121.mp4,data/landmarks/HOLA/HOLA_rep_1_110121.npy,data/landmarks_hands_only/HOLA/HOLA_rep_1_110121.npy,60,53.3,0.9666666666666668,0,0.9666666666666668,0.0,0.9666666666666668,0.0333333333333333,0.9851851851851852,ACCEPT,False,original
POR_FAVOR,data/raw_videos/POR_FAVOR/POR_FAVOR_rep_1_120910.mp4,data/landmarks/POR_FAVOR/POR_FAVOR_rep_1_120910_aug_0.npy,data/landmarks_hands_only/POR_FAVOR/POR_FAVOR_rep_1_120910_aug_0.npy,60,54.0,1.0,0,1.0,0.0,1.0,0.0,1.0,ACCEPT,True,temporal_warp+spatial_scale+gaussian_noise
NO,data/raw_videos/NO/NO_rep_3_110428.mp4,data/landmarks/NO/NO_rep_3_110428_aug_0.npy,data/landmarks_hands_only/NO/NO_rep_3_110428_aug_0.npy,60,54.0,1.0,0,1.0,0.0,1.0,0.0,1.0,ACCEPT,True,temporal_warp+spatial_scale+gaussian_noise
HOLA,data/raw_videos/HOLA/HOLA_rep_2_121630.mp4,data/landmarks/HOLA/HOLA_rep_2_121630_aug_0.npy,data/landmarks_hands_only/HOLA/HOLA_rep_2_121630_aug_0.npy,60,52.95,0.95,0,0.95,0.0,0.95,0.05,0.977777777777778,ACCEPT,True,temporal_warp+spatial_scale+gaussian_noise
AYUDA,data/raw_videos/AYUDA/AYUDA_rep_2_143203.mp4,data/landmarks/AYUDA/AYUDA_rep_2_143203.npy,data/landmarks_hands_only/AYUDA/AYUDA_rep_2_143203.npy,60,74.3,1.0,0,1.9666666666666663,0.9666666666666668,0.0333333333333333,0.0,0.9911666666666666,ACCEPT,False,original
TU,data/raw_videos/TU/TU_rep_0_125759.mp4,data/landmarks/TU/TU_rep_0_125759.npy,data/landmarks_hands_only/TU/TU_rep_0_125759.npy,60,51.55,0.8833333333333333,0,0.8833333333333333,0.0,0.8833333333333333,0.1166666666666666,0.948148148148148,ACCEPT,False,original
HOLA,data/raw_videos/HOLA/HOLA_rep_2_114320.mp4,data/landmarks/HOLA/HOLA_rep_2_114320.npy,data/landmarks_hands_only/HOLA/HOLA_rep_2_114320.npy,60,53.3,0.9666666666666668,0,0.9666666666666668,0.0,0.9666666666666668,0.0333333333333333,0.9851851851851852,ACCEPT,False,original
POR_FAVOR,data/raw_videos/POR_FAVOR/POR_FAVOR_rep_1_112929.mp4,data/landmarks/POR_FAVOR/POR_FAVOR_rep_1_112929.npy,data/landmarks_hands_only/POR_FAVOR/POR_FAVOR_rep_1_112929.npy,60,53.65,0.9833333333333332,0,0.9833333333333332,0.0,0.9833333333333332,0.0166666666666666,0.9925925925925926,ACCEPT,False,original
GRACIAS,data/raw_videos/GRACIAS/GRACIAS_rep_1_121023.mp4,data/landmarks/GRACIAS/GRACIAS_rep_1_121023.npy,data/landmarks_hands_only/GRACIAS/GRACIAS_rep_1_121023.npy,60,72.9,0.9833333333333332,0,1.9,0.9166666666666666,0.0666666666666666,0.0166666666666666,0.9735,ACCEPT,False,original
GRACIAS,data/raw_videos/GRACIAS/GRACIAS_rep_0_123828.mp4,data/landmarks/GRACIAS/GRACIAS_rep_0_123828.npy,data/landmarks_hands_only/GRACIAS/GRACIAS_rep_0_123828.npy,60,74.65,1.0,0,1.9833333333333336,0.9833333333333332,0.0166666666666666,0.0,0.9955833333333334,ACCEPT,False,original
YO,data/raw_videos/YO/YO_rep_1_112309.mp4,data/landmarks/YO/YO_rep_1_112309.npy,data/landmarks_hands_only/YO/YO_rep_1_112309.npy,60,53.3,0.9666666666666668,0,0.9666666666666668,0.0,0.9666666666666668,0.0333333333333333,0.9851851851851852,ACCEPT,False,original
BANIO,data/raw_videos/BANIO/BANIO_rep_1_143855.mp4,data/landmarks/BANIO/BANIO_rep_1_143855_aug_0.npy,data/landmarks_hands_only/BANIO/BANIO_rep_1_143855_aug_0.npy,60,52.95,0.95,0,0.95,0.0,0.95,0.05,0.977777777777778,ACCEPT,True,temporal_warp+spatial_scale+gaussian_noise
COMER,data/raw_videos/COMER/COMER_rep_1_140822.mp4,data/landmarks/COMER/COMER_rep_1_140822_aug_0.npy,data/landmarks_hands_only/COMER/COMER_rep_1_140822_aug_0.npy,60,54.0,1.0,0,1.0,0.0,1.0,0.0,1.0,ACCEPT,True,temporal_warp+spatial_scale+gaussian_noise
SI,data/raw_videos/SI/SI_rep_1_154135.mp4,data/landmarks/SI/SI_rep_1_154135.npy,data/landmarks_hands_only/SI/SI_rep_1_154135.npy,60,52.25,0.9166666666666666,0,0.9166666666666666,0.0,0.9166666666666666,0.0833333333333333,0.962962962962963,ACCEPT,False,original
NO,data/raw_videos/NO/NO_rep_0_110341.mp4,data/landmarks/NO/NO_rep_0_110341.npy,data/landmarks_hands_only/NO/NO_rep_0_110341.npy,60,52.25,0.9166666666666666,0,0.9166666666666666,0.0,0.9166666666666666,0.0833333333333333,0.962962962962963,ACCEPT,False,original
BANIO,data/raw_videos/BANIO/BANIO_rep_0_143842.mp4,data/landmarks/BANIO/BANIO_rep_0_143842.npy,data/landmarks_hands_only/BANIO/BANIO_rep_0_143842.npy,60,51.9,0.9,0,0.9,0.0,0.9,0.1,0.9555555555555556,ACCEPT,False,original
POR_FAVOR,data/raw_videos/POR_FAVOR/POR_FAVOR_rep_1_124439.mp4,data/landmarks/POR_FAVOR/POR_FAVOR_rep_1_124439_aug_0.npy,data/landmarks_hands_only/POR_FAVOR/POR_FAVOR_rep_1_124439_aug_0.npy,60,54.0,1.0,0,1.0,0.0,1.0,0.0,1.0,ACCEPT,True,temporal_warp+spatial_scale+gaussian_noise
SI,data/raw_videos/SI/SI_rep_3_111331.mp4,data/landmarks/SI/SI_rep_3_111331.npy,data/landmarks_hands_only/SI/SI_rep_3_111331.npy,60,54.0,1.0,0,1.0,0.0,1.0,0.0,1.0,ACCEPT,False,original
HOLA,data/raw_videos/HOLA/HOLA_rep_1_110046.mp4,data/landmarks/HOLA/HOLA_rep_1_110046.npy,data/landmarks_hands_only/HOLA/HOLA_rep_1_110046.npy,60,54.0,1.0,0,1.0,0.0,1.0,0.0,1.0,ACCEPT,False,original
YO,data/raw_videos/YO/YO_rep_2_112113.mp4,data/landmarks/YO/YO_rep_2_112113_aug_0.npy,data/landmarks_hands_only/YO/YO_rep_2_112113_aug_0.npy,60,53.3,0.9666666666666668,0,0.9666666666666668,0.0,0.9666666666666668,0.0333333333333333,0.9851851851851852,ACCEPT,True,temporal_warp+spatial_scale+gaussian_noise
YO,data/raw_videos/YO/YO_rep_0_125510.mp4,data/landmarks/YO/YO_rep_0_125510_aug_0.npy,data/landmarks_hands_only/YO/YO_rep_0_125510_aug_0.npy,60,52.6,0.9333333333333332,0,0.9333333333333332,0.0,0.9333333333333332,0.0666666666666666,0.9703703703703704,ACCEPT,True,temporal_warp+spatial_scale+gaussian_noise
NO,data/raw_videos/NO/NO_rep_2_154620.mp4,data/landmarks/NO/NO_rep_2_154620.npy,data/landmarks_hands_only/NO/NO_rep_2_154620.npy,60,52.95,0.9166666666666666,0,0.95,0.0333333333333333,0.8833333333333333,0.0833333333333333,0.9694444444444446,ACCEPT,False,original
NO,data/raw_videos/NO/NO_rep_1_110416.mp4,data/landmarks/NO/NO_rep_1_110416.npy,data/landmarks_hands_only/NO/NO_rep_1_110416.npy,60,54.0,1.0,0,1.0,0.0,1.0,0.0,1.0,ACCEPT,False,original
GRACIAS,data/raw_videos/GRACIAS/GRACIAS_rep_2_121158.mp4,data/landmarks/GRACIAS/GRACIAS_rep_2_121158.npy,data/landmarks_hands_only/GRACIAS/GRACIAS_rep_2_121158.npy,60,73.6,0.9833333333333332,0,1.9333333333333331,0.95,0.0333333333333333,0.0166666666666666,0.9823333333333332,ACCEPT,False,original
AYUDA,data/raw_videos/AYUDA/AYUDA_rep_0_120525.mp4,data/landmarks/AYUDA/AYUDA_rep_0_120525_aug_0.npy,data/landmarks_hands_only/AYUDA/AYUDA_rep_0_120525_aug_0.npy,60,73.25,0.9833333333333332,0,1.9166666666666667,0.9333333333333332,0.05,0.0166666666666666,0.9779166666666664,ACCEPT,True,temporal_warp+spatial_scale+gaussian_noise
NO,data/raw_videos/NO/NO_rep_1_154431.mp4,data/landmarks/NO/NO_rep_1_154431_aug_0.npy,data/landmarks_hands_only/NO/NO_rep_1_154431_aug_0.npy,60,51.55,0.8833333333333333,0,0.8833333333333333,0.0,0.8833333333333333,0.1166666666666666,0.948148148148148,ACCEPT,True,temporal_warp+spatial_scale+gaussian_noise
POR_FAVOR,data/raw_videos/POR_FAVOR/POR_FAVOR_rep_1_124258.mp4,data/landmarks/POR_FAVOR/POR_FAVOR_rep_1_124258.npy,data/landmarks_hands_only/POR_FAVOR/POR_FAVOR_rep_1_124258.npy,60,54.0,1.0,0,1.0,0.0,1.0,0.0,1.0,ACCEPT,False,original
BANIO,data/raw_videos/BANIO/BANIO_rep_1_105017.mp4,data/landmarks/BANIO/BANIO_rep_1_105017_aug_0.npy,data/landmarks_hands_only/BANIO/BANIO_rep_1_105017_aug_0.npy,60,53.3,0.9666666666666668,0,0.9666666666666668,0.0,0.9666666666666668,0.0333333333333333,0.9851851851851852,ACCEPT,True,temporal_warp+spatial_scale+gaussian_noise
YO,data/raw_videos/YO/YO_rep_1_114947.mp4,data/landmarks/YO/YO_rep_1_114947_aug_0.npy,data/landmarks_hands_only/YO/YO_rep_1_114947_aug_0.npy,60,53.65,0.9833333333333332,0,0.9833333333333332,0.0,0.9833333333333332,0.0166666666666666,0.9925925925925926,ACCEPT,True,temporal_warp+spatial_scale+gaussian_noise
HOLA,data/raw_videos/HOLA/HOLA_rep_3_121811.mp4,data/landmarks/HOLA/HOLA_rep_3_121811.npy,data/landmarks_hands_only/HOLA/HOLA_rep_3_121811.npy,60,54.0,1.0,0,1.0,0.0,1.0,0.0,1.0,ACCEPT,False,original
HOLA,data/raw_videos/HOLA/HOLA_rep_2_110244.mp4,data/landmarks/HOLA/HOLA_rep_2_110244_aug_0.npy,data/landmarks_hands_only/HOLA/HOLA_rep_2_110244_aug_0.npy,60,53.65,0.9833333333333332,0,0.9833333333333332,0.0,0.9833333333333332,0.0166666666666666,0.9925925925925926,ACCEPT,True,temporal_warp+spatial_scale+gaussian_noise
BANIO,data/raw_videos/BANIO/BANIO_rep_2_143748.mp4,data/landmarks/BANIO/BANIO_rep_2_143748_aug_0.npy,data/landmarks_hands_only/BANIO/BANIO_rep_2_143748_aug_0.npy,60,53.65,0.9833333333333332,0,0.9833333333333332,0.0,0.9833333333333332,0.0166666666666666,0.9925925925925926,ACCEPT,True,temporal_warp+spatial_scale+gaussian_noise
AYUDA,data/raw_videos/AYUDA/AYUDA_rep_0_114011.mp4,data/landmarks/AYUDA/AYUDA_rep_0_114011.npy,data/landmarks_hands_only/AYUDA/AYUDA_rep_0_114011.npy,60,75.0,1.0,0,2.0,1.0,0.0,0.0,1.0,ACCEPT,False,original
POR_FAVOR,data/raw_videos/POR_FAVOR/POR_FAVOR_rep_3_112638.mp4,data/landmarks/POR_FAVOR/POR_FAVOR_rep_3_112638.npy,data/landmarks_hands_only/POR_FAVOR/POR_FAVOR_rep_3_112638.npy,60,58.2,1.0,0,1.2,0.2,0.8,0.0,1.0,ACCEPT,False,original
HOLA,data/raw_videos/HOLA/HOLA_rep_1_110011.mp4,data/landmarks/HOLA/HOLA_rep_1_110011_aug_0.npy,data/landmarks_hands_only/HOLA/HOLA_rep_1_110011_aug_0.npy,60,54.0,1.0,0,1.0,0.0,1.0,0.0,1.0,ACCEPT,True,temporal_warp+spatial_scale+gaussian_noise
YO,data/raw_videos/YO/YO_rep_3_112322.mp4,data/landmarks/YO/YO_rep_3_112322_aug_0.npy,data/landmarks_hands_only/YO/YO_rep_3_112322_aug_0.npy,60,52.95,0.95,0,0.95,0.0,0.95,0.05,0.977777777777778,ACCEPT,True,temporal_warp+spatial_scale+gaussian_noise
HOLA,data/raw_videos/HOLA/HOLA_rep_1_121731.mp4,data/landmarks/HOLA/HOLA_rep_1_121731.npy,data/landmarks_hands_only/HOLA/HOLA_rep_1_121731.npy,60,52.6,0.9333333333333332,0,0.9333333333333332,0.0,0.9333333333333332,0.0666666666666666,0.9703703703703704,ACCEPT,False,original
COMER,data/raw_videos/COMER/COMER_rep_0_115728.mp4,data/landmarks/COMER/COMER_rep_0_115728.npy,data/landmarks_hands_only/COMER/COMER_rep_0_115728.npy,60,54.0,1.0,0,1.0,0.0,1.0,0.0,1.0,ACCEPT,False,original
BANIO,data/raw_videos/BANIO/BANIO_rep_2_105036.mp4,data/landmarks/BANIO/BANIO_rep_2_105036.npy,data/landmarks_hands_only/BANIO/BANIO_rep_2_105036.npy,60,52.6,0.9333333333333332,0,0.9333333333333332,0.0,0.9333333333333332,0.0666666666666666,0.9703703703703704,ACCEPT,False,original
TU,data/raw_videos/TU/TU_rep_1_125732.mp4,data/landmarks/TU/TU_rep_1_125732.npy,data/landmarks_hands_only/TU/TU_rep_1_125732.npy,60,51.2,0.8666666666666667,0,0.8666666666666667,0.0,0.8666666666666667,0.1333333333333333,0.9407407407407408,ACCEPT,False,original
NO,data/raw_videos/NO/NO_rep_3_110400.mp4,data/landmarks/NO/NO_rep_3_110400.npy,data/landmarks_hands_only/NO/NO_rep_3_110400.npy,60,54.0,1.0,0,1.0,0.0,1.0,0.0,1.0,ACCEPT,False,original
TU,data/raw_videos/TU/TU_rep_1_115213.mp4,data/landmarks/TU/TU_rep_1_115213.npy,data/landmarks_hands_only/TU/TU_rep_1_115213.npy,60,53.65,0.9833333333333332,0,0.9833333333333332,0.0,0.9833333333333332,0.0166666666666666,0.9925925925925926,ACCEPT,False,original
BANIO,data/raw_videos/BANIO/BANIO_rep_0_143914.mp4,data/landmarks/BANIO/BANIO_rep_0_143914_aug_0.npy,data/landmarks_hands_only/BANIO/BANIO_rep_0_143914_aug_0.npy,60,54.0,1.0,0,1.0,0.0,1.0,0.0,1.0,ACCEPT,True,temporal_warp+spatial_scale+gaussian_noise
BANIO,data/raw_videos/BANIO/BANIO_rep_0_105248.mp4,data/landmarks/BANIO/BANIO_rep_0_105248.npy,data/landmarks_hands_only/BANIO/BANIO_rep_0_105248.npy,60,52.25,0.9166666666666666,0,0.9166666666666666,0.0,0.9166666666666666,0.0833333333333333,0.962962962962963,ACCEPT,False,original
AYUDA,data/raw_videos/AYUDA/AYUDA_rep_1_120532.mp4,data/landmarks/AYUDA/AYUDA_rep_1_120532.npy,data/landmarks_hands_only/AYUDA/AYUDA_rep_1_120532.npy,60,74.65,1.0,0,1.9833333333333336,0.9833333333333332,0.0166666666666666,0.0,0.9955833333333334,ACCEPT,False,original
HOLA,data/raw_videos/HOLA/HOLA_rep_3_110215.mp4,data/landmarks/HOLA/HOLA_rep_3_110215.npy,data/landmarks_hands_only/HOLA/HOLA_rep_3_110215.npy,60,52.95,0.95,0,0.95,0.0,0.95,0.05,0.977777777777778,ACCEPT,False,original
COMER,data/raw_videos/COMER/COMER_rep_2_105717.mp4,data/landmarks/COMER/COMER_rep_2_105717_aug_0.npy,data/landmarks_hands_only/COMER/COMER_rep_2_105717_aug_0.npy,60,52.95,0.95,0,0.95,0.0,0.95,0.05,0.977777777777778,ACCEPT,True,temporal_warp+spatial_scale+gaussian_noise
POR_FAVOR,data/raw_videos/POR_FAVOR/POR_FAVOR_rep_0_120735.mp4,data/landmarks/POR_FAVOR/POR_FAVOR_rep_0_120735.npy,data/landmarks_hands_only/POR_FAVOR/POR_FAVOR_rep_0_120735.npy,60,52.6,0.9333333333333332,0,0.9333333333333332,0.0,0.9333333333333332,0.0666666666666666,0.9703703703703704,ACCEPT,False,original
AYUDA,data/raw_videos/AYUDA/AYUDA_rep_0_143403.mp4,data/landmarks/AYUDA/AYUDA_rep_0_143403.npy,data/landmarks_hands_only/AYUDA/AYUDA_rep_0_143403.npy,60,72.2,1.0,0,1.8666666666666667,0.8666666666666667,0.1333333333333333,0.0,0.9646666666666668,ACCEPT,False,original
NO,data/raw_videos/NO/NO_rep_1_110520.mp4,data/landmarks/NO/NO_rep_1_110520_aug_0.npy,data/landmarks_hands_only/NO/NO_rep_1_110520_aug_0.npy,60,53.65,0.9833333333333332,0,0.9833333333333332,0.0,0.9833333333333332,0.0166666666666666,0.9925925925925926,ACCEPT,True,temporal_warp+spatial_scale+gaussian_noise
SI,data/raw_videos/SI/SI_rep_2_110817.mp4,data/landmarks/SI/SI_rep_2_110817.npy,data/landmarks_hands_only/SI/SI_rep_2_110817.npy,60,54.0,1.0,0,1.0,0.0,1.0,0.0,1.0,ACCEPT,False,original
NO,data/raw_videos/NO/NO_rep_0_154730.mp4,data/landmarks/NO/NO_rep_0_154730.npy,data/landmarks_hands_only/NO/NO_rep_0_154730.npy,60,51.55,0.8833333333333333,0,0.8833333333333333,0.0,0.8833333333333333,0.1166666666666666,0.948148148148148,ACCEPT,False,original
HOLA,data/raw_videos/HOLA/HOLA_rep_3_110250.mp4,data/landmarks/HOLA/HOLA_rep_3_110250.npy,data/landmarks_hands_only/HOLA/HOLA_rep_3_110250.npy,60,53.3,0.9666666666666668,0,0.9666666666666668,0.0,0.9666666666666668,0.0333333333333333,0.9851851851851852,ACCEPT,False,original
BANIO,data/raw_videos/BANIO/BANIO_rep_0_105346.mp4,data/landmarks/BANIO/BANIO_rep_0_105346_aug_0.npy,data/landmarks_hands_only/BANIO/BANIO_rep_0_105346_aug_0.npy,60,53.3,0.9666666666666668,0,0.9666666666666668,0.0,0.9666666666666668,0.0333333333333333,0.9851851851851852,ACCEPT,True,temporal_warp+spatial_scale+gaussian_noise
SI,data/raw_videos/SI/SI_rep_1_120358.mp4,data/landmarks/SI/SI_rep_1_120358.npy,data/landmarks_hands_only/SI/SI_rep_1_120358.npy,60,53.65,0.9833333333333332,0,0.9833333333333332,0.0,0.9833333333333332,0.0166666666666666,0.9925925925925926,ACCEPT,False,original
SI,data/raw_videos/SI/SI_rep_0_120155.mp4,data/landmarks/SI/SI_rep_0_120155.npy,data/landmarks_hands_only/SI/SI_rep_0_120155.npy,60,51.9,0.9,0,0.9,0.0,0.9,0.1,0.9555555555555556,ACCEPT,False,original
BANIO,data/raw_videos/BANIO/BANIO_rep_2_115541.mp4,data/landmarks/BANIO/BANIO_rep_2_115541_aug_0.npy,data/landmarks_hands_only/BANIO/BANIO_rep_2_115541_aug_0.npy,60,52.6,0.9333333333333332,0,0.9333333333333332,0.0,0.9333333333333332,0.0666666666666666,0.9703703703703704,ACCEPT,True,temporal_warp+spatial_scale+gaussian_noise
GRACIAS,data/raw_videos/GRACIAS/GRACIAS_rep_1_113839.mp4,data/landmarks/GRACIAS/GRACIAS_rep_1_113839_aug_0.npy,data/landmarks_hands_only/GRACIAS/GRACIAS_rep_1_113839_aug_0.npy,60,74.3,0.9833333333333332,0,1.9666666666666663,0.9833333333333332,0.0,0.0166666666666666,0.9911666666666664,ACCEPT,True,temporal_warp+spatial_scale+gaussian_noise
AYUDA,data/raw_videos/AYUDA/AYUDA_rep_2_114312 copy.mp4,data/landmarks/AYUDA/AYUDA_rep_2_114312 copy.npy,data/landmarks_hands_only/AYUDA/AYUDA_rep_2_114312 copy.npy,60,73.6,0.9666666666666668,0,1.9333333333333331,0.9666666666666668,0.0,0.0333333333333333,0.9823333333333332,ACCEPT,False,original
AYUDA,data/raw_videos/AYUDA/AYUDA_rep_2_143329.mp4,data/landmarks/AYUDA/AYUDA_rep_2_143329_aug_0.npy,data/landmarks_hands_only/AYUDA/AYUDA_rep_2_143329_aug_0.npy,60,73.6,1.0,0,1.9333333333333331,0.9333333333333332,0.0666666666666666,0.0,0.9823333333333332,ACCEPT,True,temporal_warp+spatial_scale+gaussian_noise
NO,data/raw_videos/NO/NO_rep_1_110444.mp4,data/landmarks/NO/NO_rep_1_110444.npy,data/landmarks_hands_only/NO/NO_rep_1_110444.npy,60,54.35,0.95,0,1.0166666666666666,0.0666666666666666,0.8833333333333333,0.05,0.9875,ACCEPT,False,original
POR_FAVOR,data/raw_videos/POR_FAVOR/POR_FAVOR_rep_1_112714.mp4,data/landmarks/POR_FAVOR/POR_FAVOR_rep_1_112714_aug_0.npy,data/landmarks_hands_only/POR_FAVOR/POR_FAVOR_rep_1_112714_aug_0.npy,60,52.95,0.95,0,0.95,0.0,0.95,0.05,0.977777777777778,ACCEPT,True,temporal_warp+spatial_scale+gaussian_noise
AYUDA,data/raw_videos/AYUDA/AYUDA_rep_2_114312.mp4,data/landmarks/AYUDA/AYUDA_rep_2_114312.npy,data/landmarks_hands_only/AYUDA/AYUDA_rep_2_114312.npy,60,73.6,0.9666666666666668,0,1.9333333333333331,0.9666666666666668,0.0,0.0333333333333333,0.9823333333333332,ACCEPT,False,original
BANIO,data/raw_videos/BANIO/BANIO_rep_0_105100.mp4,data/landmarks/BANIO/BANIO_rep_0_105100_aug_0.npy,data/landmarks_hands_only/BANIO/BANIO_rep_0_105100_aug_0.npy,60,54.0,1.0,0,1.0,0.0,1.0,0.0,1.0,ACCEPT,True,temporal_warp+spatial_scale+gaussian_noise
POR_FAVOR,data/raw_videos/POR_FAVOR/POR_FAVOR_rep_1_120741.mp4,data/landmarks/POR_FAVOR/POR_FAVOR_rep_1_120741.npy,data/landmarks_hands_only/POR_FAVOR/POR_FAVOR_rep_1_120741.npy,60,54.0,1.0,0,1.0,0.0,1.0,0.0,1.0,ACCEPT,False,original
HOLA,data/raw_videos/HOLA/HOLA_rep_1_121412.mp4,data/landmarks/HOLA/HOLA_rep_1_121412.npy,data/landmarks_hands_only/HOLA/HOLA_rep_1_121412.npy,60,51.55,0.8833333333333333,0,0.8833333333333333,0.0,0.8833333333333333,0.1166666666666666,0.948148148148148,ACCEPT,False,original
YO,data/raw_videos/YO/YO_rep_2_112315.mp4,data/landmarks/YO/YO_rep_2_112315.npy,data/landmarks_hands_only/YO/YO_rep_2_112315.npy,60,52.95,0.95,0,0.95,0.0,0.95,0.05,0.977777777777778,ACCEPT,False,original
YO,data/raw_videos/YO/YO_rep_1_114947.mp4,data/landmarks/YO/YO_rep_1_114947.npy,data/landmarks_hands_only/YO/YO_rep_1_114947.npy,60,53.65,0.9833333333333332,0,0.9833333333333332,0.0,0.9833333333333332,0.0166666666666666,0.9925925925925926,ACCEPT,False,original
SI,data/raw_videos/SI/SI_rep_3_111331.mp4,data/landmarks/SI/SI_rep_3_111331_aug_0.npy,data/landmarks_hands_only/SI/SI_rep_3_111331_aug_0.npy,60,54.0,1.0,0,1.0,0.0,1.0,0.0,1.0,ACCEPT,True,temporal_warp+spatial_scale+gaussian_noise
NO,data/raw_videos/NO/NO_rep_2_110354.mp4,data/landmarks/NO/NO_rep_2_110354_aug_0.npy,data/landmarks_hands_only/NO/NO_rep_2_110354_aug_0.npy,60,54.0,1.0,0,1.0,0.0,1.0,0.0,1.0,ACCEPT,True,temporal_warp+spatial_scale+gaussian_noise
NO,data/raw_videos/NO/NO_rep_0_110438.mp4,data/landmarks/NO/NO_rep_0_110438.npy,data/landmarks_hands_only/NO/NO_rep_0_110438.npy,60,54.0,1.0,0,1.0,0.0,1.0,0.0,1.0,ACCEPT,False,original
YO,data/raw_videos/YO/YO_rep_3_112322.mp4,data/landmarks/YO/YO_rep_3_112322.npy,data/landmarks_hands_only/YO/YO_rep_3_112322.npy,60,52.95,0.95,0,0.95,0.0,0.95,0.05,0.977777777777778,ACCEPT,False,original
YO,data/raw_videos/YO/YO_rep_2_112113.mp4,data/landmarks/YO/YO_rep_2_112113.npy,data/landmarks_hands_only/YO/YO_rep_2_112113.npy,60,53.3,0.9666666666666668,0,0.9666666666666668,0.0,0.9666666666666668,0.0333333333333333,0.9851851851851852,ACCEPT,False,original
TU,data/raw_videos/TU/TU_rep_1_125805.mp4,data/landmarks/TU/TU_rep_1_125805.npy,data/landmarks_hands_only/TU/TU_rep_1_125805.npy,60,51.55,0.8833333333333333,0,0.8833333333333333,0.0,0.8833333333333333,0.1166666666666666,0.948148148148148,ACCEPT,False,original
NO,data/raw_videos/NO/NO_rep_3_110400.mp4,data/landmarks/NO/NO_rep_3_110400_aug_0.npy,data/landmarks_hands_only/NO/NO_rep_3_110400_aug_0.npy,60,54.0,1.0,0,1.0,0.0,1.0,0.0,1.0,ACCEPT,True,temporal_warp+spatial_scale+gaussian_noise
SI,data/raw_videos/SI/SI_rep_3_111246.mp4,data/landmarks/SI/SI_rep_3_111246.npy,data/landmarks_hands_only/SI/SI_rep_3_111246.npy,60,53.3,0.9666666666666668,0,0.9666666666666668,0.0,0.9666666666666668,0.0333333333333333,0.9851851851851852,ACCEPT,False,original
TU,data/raw_videos/TU/TU_rep_3_125818.mp4,data/landmarks/TU/TU_rep_3_125818.npy,data/landmarks_hands_only/TU/TU_rep_3_125818.npy,60,51.2,0.8666666666666667,0,0.8666666666666667,0.0,0.8666666666666667,0.1333333333333333,0.9407407407407408,ACCEPT,False,original
YO,data/raw_videos/YO/YO_rep_2_114954.mp4,data/landmarks/YO/YO_rep_2_114954.npy,data/landmarks_hands_only/YO/YO_rep_2_114954.npy,60,52.95,0.95,0,0.95,0.0,0.95,0.05,0.977777777777778,ACCEPT,False,original
NO,data/raw_videos/NO/NO_rep_3_110614.mp4,data/landmarks/NO/NO_rep_3_110614.npy,data/landmarks_hands_only/NO/NO_rep_3_110614.npy,60,53.65,0.9833333333333332,0,0.9833333333333332,0.0,0.9833333333333332,0.0166666666666666,0.9925925925925926,ACCEPT,False,original
YO,data/raw_videos/YO/YO_rep_1_112026.mp4,data/landmarks/YO/YO_rep_1_112026_aug_0.npy,data/landmarks_hands_only/YO/YO_rep_1_112026_aug_0.npy,60,52.6,0.9333333333333332,0,0.9333333333333332,0.0,0.9333333333333332,0.0666666666666666,0.9703703703703704,ACCEPT,True,temporal_warp+spatial_scale+gaussian_noise
HOLA,data/raw_videos/HOLA/HOLA_rep_2_110202.mp4,data/landmarks/HOLA/HOLA_rep_2_110202_aug_0.npy,data/landmarks_hands_only/HOLA/HOLA_rep_2_110202_aug_0.npy,60,53.65,0.9833333333333332,0,0.9833333333333332,0.0,0.9833333333333332,0.0166666666666666,0.9925925925925926,ACCEPT,True,temporal_warp+spatial_scale+gaussian_noise
NO,data/raw_videos/NO/NO_rep_3_120113.mp4,data/landmarks/NO/NO_rep_3_120113_aug_0.npy,data/landmarks_hands_only/NO/NO_rep_3_120113_aug_0.npy,60,54.0,1.0,0,1.0,0.0,1.0,0.0,1.0,ACCEPT,True,temporal_warp+spatial_scale+gaussian_noise
NO,data/raw_videos/NO/NO_rep_2_120107.mp4,data/landmarks/NO/NO_rep_2_120107.npy,data/landmarks_hands_only/NO/NO_rep_2_120107.npy,60,53.65,0.9833333333333332,0,0.9833333333333332,0.0,0.9833333333333332,0.0166666666666666,0.9925925925925926,ACCEPT,False,original
NO,data/raw_videos/NO/NO_rep_3_110428.mp4,data/landmarks/NO/NO_rep_3_110428.npy,data/landmarks_hands_only/NO/NO_rep_3_110428.npy,60,54.0,1.0,0,1.0,0.0,1.0,0.0,1.0,ACCEPT,False,original
YO,data/raw_videos/YO/YO_rep_0_114831.mp4,data/landmarks/YO/YO_rep_0_114831.npy,data/landmarks_hands_only/YO/YO_rep_0_114831.npy,60,51.9,0.9,0,0.9,0.0,0.9,0.1,0.9555555555555556,ACCEPT,False,original
HOLA,data/raw_videos/HOLA/HOLA_rep_0_121406.mp4,data/landmarks/HOLA/HOLA_rep_0_121406.npy,data/landmarks_hands_only/HOLA/HOLA_rep_0_121406.npy,60,54.0,1.0,0,1.0,0.0,1.0,0.0,1.0,ACCEPT,False,original
BANIO,data/raw_videos/BANIO/BANIO_rep_2_115444.mp4,data/landmarks/BANIO/BANIO_rep_2_115444.npy,data/landmarks_hands_only/BANIO/BANIO_rep_2_115444.npy,60,54.0,1.0,0,1.0,0.0,1.0,0.0,1.0,ACCEPT,False,original
SI,data/raw_videos/SI/SI_rep_1_110846.mp4,data/landmarks/SI/SI_rep_1_110846_aug_0.npy,data/landmarks_hands_only/SI/SI_rep_1_110846_aug_0.npy,60,53.3,0.9666666666666668,0,0.9666666666666668,0.0,0.9666666666666668,0.0333333333333333,0.9851851851851852,ACCEPT,True,temporal_warp+spatial_scale+gaussian_noise
YO,data/raw_videos/YO/YO_rep_2_114901.mp4,data/landmarks/YO/YO_rep_2_114901.npy,data/landmarks_hands_only/YO/YO_rep_2_114901.npy,60,53.65,0.9833333333333332,0,0.9833333333333332,0.0,0.9833333333333332,0.0166666666666666,0.9925925925925926,ACCEPT,False,original
TU,data/raw_videos/TU/TU_rep_1_111544.mp4,data/landmarks/TU/TU_rep_1_111544_aug_0.npy,data/landmarks_hands_only/TU/TU_rep_1_111544_aug_0.npy,60,52.95,0.95,0,0.95,0.0,0.95,0.05,0.977777777777778,ACCEPT,True,temporal_warp+spatial_scale+gaussian_noise
HOLA,data/raw_videos/HOLA/HOLA_rep_0_121603.mp4,data/landmarks/HOLA/HOLA_rep_0_121603_aug_0.npy,data/landmarks_hands_only/HOLA/HOLA_rep_0_121603_aug_0.npy,60,53.65,0.9833333333333332,0,0.9833333333333332,0.0,0.9833333333333332,0.0166666666666666,0.9925925925925926,ACCEPT,True,temporal_warp+spatial_scale+gaussian_noise
YO,data/raw_videos/YO/YO_rep_0_112100.mp4,data/landmarks/YO/YO_rep_0_112100_aug_0.npy,data/landmarks_hands_only/YO/YO_rep_0_112100_aug_0.npy,60,54.0,1.0,0,1.0,0.0,1.0,0.0,1.0,ACCEPT,True,temporal_warp+spatial_scale+gaussian_noise
COMER,data/raw_videos/COMER/COMER_rep_1_115655.mp4,data/landmarks/COMER/COMER_rep_1_115655.npy,data/landmarks_hands_only/COMER/COMER_rep_1_115655.npy,60,54.0,1.0,0,1.0,0.0,1.0,0.0,1.0,ACCEPT,False,original
AYUDA,data/raw_videos/AYUDA/AYUDA_rep_1_120532.mp4,data/landmarks/AYUDA/AYUDA_rep_1_120532_aug_0.npy,data/landmarks_hands_only/AYUDA/AYUDA_rep_1_120532_aug_0.npy,60,74.65,1.0,0,1.9833333333333336,0.9833333333333332,0.0166666666666666,0.0,0.9955833333333334,ACCEPT,True,temporal_warp+spatial_scale+gaussian_noise
AYUDA,data/raw_videos/AYUDA/AYUDA_rep_2_143203.mp4,data/landmarks/AYUDA/AYUDA_rep_2_143203_aug_0.npy,data/landmarks_hands_only/AYUDA/AYUDA_rep_2_143203_aug_0.npy,60,74.3,1.0,0,1.9666666666666663,0.9666666666666668,0.0333333333333333,0.0,0.9911666666666666,ACCEPT,True,temporal_warp+spatial_scale+gaussian_noise
COMER,data/raw_videos/COMER/COMER_rep_2_105626.mp4,data/landmarks/COMER/COMER_rep_2_105626_aug_0.npy,data/landmarks_hands_only/COMER/COMER_rep_2_105626_aug_0.npy,60,53.65,0.9833333333333332,0,0.9833333333333332,0.0,0.9833333333333332,0.0166666666666666,0.9925925925925926,ACCEPT,True,temporal_warp+spatial_scale+gaussian_noise
POR_FAVOR,data/raw_videos/POR_FAVOR/POR_FAVOR_rep_0_120735.mp4,data/landmarks/POR_FAVOR/POR_FAVOR_rep_0_120735_aug_0.npy,data/landmarks_hands_only/POR_FAVOR/POR_FAVOR_rep_0_120735_aug_0.npy,60,52.6,0.9333333333333332,0,0.9333333333333332,0.0,0.9333333333333332,0.0666666666666666,0.9703703703703704,ACCEPT,True,temporal_warp+spatial_scale+gaussian_noise
GRACIAS,data/raw_videos/GRACIAS/GRACIAS_rep_3_113513.mp4,data/landmarks/GRACIAS/GRACIAS_rep_3_113513_aug_0.npy,data/landmarks_hands_only/GRACIAS/GRACIAS_rep_3_113513_aug_0.npy,60,75.0,1.0,0,2.0,1.0,0.0,0.0,1.0,ACCEPT,True,temporal_warp+spatial_scale+gaussian_noise
SI,data/raw_videos/SI/SI_rep_0_120351.mp4,data/landmarks/SI/SI_rep_0_120351_aug_0.npy,data/landmarks_hands_only/SI/SI_rep_0_120351_aug_0.npy,60,54.0,1.0,0,1.0,0.0,1.0,0.0,1.0,ACCEPT,True,temporal_warp+spatial_scale+gaussian_noise
HOLA,data/raw_videos/HOLA/HOLA_rep_0_110034.mp4,data/landmarks/HOLA/HOLA_rep_0_110034_aug_0.npy,data/landmarks_hands_only/HOLA/HOLA_rep_0_110034_aug_0.npy,60,52.95,0.95,0,0.95,0.0,0.95,0.05,0.977777777777778,ACCEPT,True,temporal_warp+spatial_scale+gaussian_noise
BANIO,data/raw_videos/BANIO/BANIO_rep_2_105515.mp4,data/landmarks/BANIO/BANIO_rep_2_105515_aug_0.npy,data/landmarks_hands_only/BANIO/BANIO_rep_2_105515_aug_0.npy,60,53.65,0.9833333333333332,0,0.9833333333333332,0.0,0.9833333333333332,0.0166666666666666,0.9925925925925926,ACCEPT,True,temporal_warp+spatial_scale+gaussian_noise
YO,data/raw_videos/YO/YO_rep_0_125332.mp4,data/landmarks/YO/YO_rep_0_125332_aug_0.npy,data/landmarks_hands_only/YO/YO_rep_0_125332_aug_0.npy,60,51.2,0.8666666666666667,0,0.8666666666666667,0.0,0.8666666666666667,0.1333333333333333,0.9407407407407408,ACCEPT,True,temporal_warp+spatial_scale+gaussian_noise
POR_FAVOR,data/raw_videos/POR_FAVOR/POR_FAVOR_rep_2_112632.mp4,data/landmarks/POR_FAVOR/POR_FAVOR_rep_2_112632_aug_0.npy,data/landmarks_hands_only/POR_FAVOR/POR_FAVOR_rep_2_112632_aug_0.npy,60,53.3,0.9666666666666668,0,0.9666666666666668,0.0,0.9666666666666668,0.0333333333333333,0.9851851851851852,ACCEPT,True,temporal_warp+spatial_scale+gaussian_noise
HOLA,data/raw_videos/HOLA/HOLA_rep_1_121731.mp4,data/landmarks/HOLA/HOLA_rep_1_121731_aug_0.npy,data/landmarks_hands_only/HOLA/HOLA_rep_1_121731_aug_0.npy,60,52.6,0.9333333333333332,0,0.9333333333333332,0.0,0.9333333333333332,0.0666666666666666,0.9703703703703704,ACCEPT,True,temporal_warp+spatial_scale+gaussian_noise
HOLA,data/raw_videos/HOLA/HOLA_rep_3_110024.mp4,data/landmarks/HOLA/HOLA_rep_3_110024.npy,data/landmarks_hands_only/HOLA/HOLA_rep_3_110024.npy,60,53.3,0.9666666666666668,0,0.9666666666666668,0.0,0.9666666666666668,0.0333333333333333,0.9851851851851852,ACCEPT,False,original
YO,data/raw_videos/YO/YO_rep_1_125431.mp4,data/landmarks/YO/YO_rep_1_125431.npy,data/landmarks_hands_only/YO/YO_rep_1_125431.npy,60,52.6,0.9333333333333332,0,0.9333333333333332,0.0,0.9333333333333332,0.0666666666666666,0.9703703703703704,ACCEPT,False,original
AYUDA,data/raw_videos/AYUDA/AYUDA_rep_3_114108.mp4,data/landmarks/AYUDA/AYUDA_rep_3_114108.npy,data/landmarks_hands_only/AYUDA/AYUDA_rep_3_114108.npy,60,74.65,1.0,0,1.9833333333333336,0.9833333333333332,0.0166666666666666,0.0,0.9955833333333334,ACCEPT,False,original
YO,data/raw_videos/YO/YO_rep_1_112144.mp4,data/landmarks/YO/YO_rep_1_112144_aug_0.npy,data/landmarks_hands_only/YO/YO_rep_1_112144_aug_0.npy,60,53.65,0.9833333333333332,0,0.9833333333333332,0.0,0.9833333333333332,0.0166666666666666,0.9925925925925926,ACCEPT,True,temporal_warp+spatial_scale+gaussian_noise
COMER,data/raw_videos/COMER/COMER_rep_2_140709.mp4,data/landmarks/COMER/COMER_rep_2_140709.npy,data/landmarks_hands_only/COMER/COMER_rep_2_140709.npy,60,54.0,1.0,0,1.0,0.0,1.0,0.0,1.0,ACCEPT,False,original
TU,data/raw_videos/TU/TU_rep_1_115115.mp4,data/landmarks/TU/TU_rep_1_115115.npy,data/landmarks_hands_only/TU/TU_rep_1_115115.npy,60,54.0,1.0,0,1.0,0.0,1.0,0.0,1.0,ACCEPT,False,original
COMER,data/raw_videos/COMER/COMER_rep_0_115642.mp4,data/landmarks/COMER/COMER_rep_0_115642_aug_0.npy,data/landmarks_hands_only/COMER/COMER_rep_0_115642_aug_0.npy,60,52.95,0.95,0,0.95,0.0,0.95,0.05,0.977777777777778,ACCEPT,True,temporal_warp+spatial_scale+gaussian_noise
GRACIAS,data/raw_videos/GRACIAS/GRACIAS_rep_3_113758.mp4,data/landmarks/GRACIAS/GRACIAS_rep_3_113758_aug_0.npy,data/landmarks_hands_only/GRACIAS/GRACIAS_rep_3_113758_aug_0.npy,60,73.6,0.9666666666666668,0,1.9333333333333331,0.9666666666666668,0.0,0.0333333333333333,0.9823333333333332,ACCEPT,True,temporal_warp+spatial_scale+gaussian_noise
YO,data/raw_videos/YO/YO_rep_1_114919.mp4,data/landmarks/YO/YO_rep_1_114919.npy,data/landmarks_hands_only/YO/YO_rep_1_114919.npy,60,52.6,0.9333333333333332,0,0.9333333333333332,0.0,0.9333333333333332,0.0666666666666666,0.9703703703703704,ACCEPT,False,original
BANIO,data/raw_videos/BANIO/BANIO_rep_0_143735.mp4,data/landmarks/BANIO/BANIO_rep_0_143735_aug_0.npy,data/landmarks_hands_only/BANIO/BANIO_rep_0_143735_aug_0.npy,60,52.95,0.95,0,0.95,0.0,0.95,0.05,0.977777777777778,ACCEPT,True,temporal_warp+spatial_scale+gaussian_noise
NO,data/raw_videos/NO/NO_rep_0_110550.mp4,data/landmarks/NO/NO_rep_0_110550.npy,data/landmarks_hands_only/NO/NO_rep_0_110550.npy,60,53.3,0.9666666666666668,0,0.9666666666666668,0.0,0.9666666666666668,0.0333333333333333,0.9851851851851852,ACCEPT,False,original
GRACIAS,data/raw_videos/GRACIAS/GRACIAS_rep_3_113513.mp4,data/landmarks/GRACIAS/GRACIAS_rep_3_113513.npy,data/landmarks_hands_only/GRACIAS/GRACIAS_rep_3_113513.npy,60,75.0,1.0,0,2.0,1.0,0.0,0.0,1.0,ACCEPT,False,original
BANIO,data/raw_videos/BANIO/BANIO_rep_0_143659.mp4,data/landmarks/BANIO/BANIO_rep_0_143659_aug_0.npy,data/landmarks_hands_only/BANIO/BANIO_rep_0_143659_aug_0.npy,60,53.3,0.9666666666666668,0,0.9666666666666668,0.0,0.9666666666666668,0.0333333333333333,0.9851851851851852,ACCEPT,True,temporal_warp+spatial_scale+gaussian_noise
SI,data/raw_videos/SI/SI_rep_0_154328.mp4,data/landmarks/SI/SI_rep_0_154328.npy,data/landmarks_hands_only/SI/SI_rep_0_154328.npy,60,51.55,0.8833333333333333,0,0.8833333333333333,0.0,0.8833333333333333,0.1166666666666666,0.948148148148148,ACCEPT,False,original
YO,data/raw_videos/YO/YO_rep_2_114901.mp4,data/landmarks/YO/YO_rep_2_114901_aug_0.npy,data/landmarks_hands_only/YO/YO_rep_2_114901_aug_0.npy,60,53.65,0.9833333333333332,0,0.9833333333333332,0.0,0.9833333333333332,0.0166666666666666,0.9925925925925926,ACCEPT,True,temporal_warp+spatial_scale+gaussian_noise
COMER,data/raw_videos/COMER/COMER_rep_1_140703.mp4,data/landmarks/COMER/COMER_rep_1_140703.npy,data/landmarks_hands_only/COMER/COMER_rep_1_140703.npy,60,54.0,1.0,0,1.0,0.0,1.0,0.0,1.0,ACCEPT,False,original
COMER,data/raw_videos/COMER/COMER_rep_3_105829.mp4,data/landmarks/COMER/COMER_rep_3_105829_aug_0.npy,data/landmarks_hands_only/COMER/COMER_rep_3_105829_aug_0.npy,60,52.25,0.9166666666666666,0,0.9166666666666666,0.0,0.9166666666666666,0.0833333333333333,0.962962962962963,ACCEPT,True,temporal_warp+spatial_scale+gaussian_noise
GRACIAS,data/raw_videos/GRACIAS/GRACIAS_rep_1_113839.mp4,data/landmarks/GRACIAS/GRACIAS_rep_1_113839.npy,data/landmarks_hands_only/GRACIAS/GRACIAS_rep_1_113839.npy,60,74.3,0.9833333333333332,0,1.9666666666666663,0.9833333333333332,0.0,0.0166666666666666,0.9911666666666664,ACCEPT,False,original
BANIO,data/raw_videos/BANIO/BANIO_rep_2_115444.mp4,data/landmarks/BANIO/BANIO_rep_2_115444_aug_0.npy,data/landmarks_hands_only/BANIO/BANIO_rep_2_115444_aug_0.npy,60,54.0,1.0,0,1.0,0.0,1.0,0.0,1.0,ACCEPT,True,temporal_warp+spatial_scale+gaussian_noise
BANIO,data/raw_videos/BANIO/BANIO_rep_0_143659.mp4,data/landmarks/BANIO/BANIO_rep_0_143659.npy,data/landmarks_hands_only/BANIO/BANIO_rep_0_143659.npy,60,53.3,0.9666666666666668,0,0.9666666666666668,0.0,0.9666666666666668,0.0333333333333333,0.9851851851851852,ACCEPT,False,original
GRACIAS,data/raw_videos/GRACIAS/GRACIAS_rep_0_123828.mp4,data/landmarks/GRACIAS/GRACIAS_rep_0_123828_aug_0.npy,data/landmarks_hands_only/GRACIAS/GRACIAS_rep_0_123828_aug_0.npy,60,74.65,1.0,0,1.9833333333333336,0.9833333333333332,0.0166666666666666,0.0,0.9955833333333334,ACCEPT,True,temporal_warp+spatial_scale+gaussian_noise
POR_FAVOR,data/raw_videos/POR_FAVOR/POR_FAVOR_rep_2_112942.mp4,data/landmarks/POR_FAVOR/POR_FAVOR_rep_2_112942_aug_0.npy,data/landmarks_hands_only/POR_FAVOR/POR_FAVOR_rep_2_112942_aug_0.npy,60,54.0,1.0,0,1.0,0.0,1.0,0.0,1.0,ACCEPT,True,temporal_warp+spatial_scale+gaussian_noise
TU,data/raw_videos/TU/TU_rep_0_115207.mp4,data/landmarks/TU/TU_rep_0_115207.npy,data/landmarks_hands_only/TU/TU_rep_0_115207.npy,60,54.0,1.0,0,1.0,0.0,1.0,0.0,1.0,ACCEPT,False,original
BANIO,data/raw_videos/BANIO/BANIO_rep_1_105411.mp4,data/landmarks/BANIO/BANIO_rep_1_105411_aug_0.npy,data/landmarks_hands_only/BANIO/BANIO_rep_1_105411_aug_0.npy,60,53.3,0.9666666666666668,0,0.9666666666666668,0.0,0.9666666666666668,0.0333333333333333,0.9851851851851852,ACCEPT,True,temporal_warp+spatial_scale+gaussian_noise
AYUDA,data/raw_videos/AYUDA/AYUDA_rep_0_114132 copy.mp4,data/landmarks/AYUDA/AYUDA_rep_0_114132 copy.npy,data/landmarks_hands_only/AYUDA/AYUDA_rep_0_114132 copy.npy,60,74.3,1.0,0,1.9666666666666663,0.9666666666666668,0.0333333333333333,0.0,0.9911666666666666,ACCEPT,False,original
GRACIAS,data/raw_videos/GRACIAS/GRACIAS_rep_0_113727.mp4,data/landmarks/GRACIAS/GRACIAS_rep_0_113727.npy,data/landmarks_hands_only/GRACIAS/GRACIAS_rep_0_113727.npy,60,72.9,0.9666666666666668,0,1.9,0.9333333333333332,0.0333333333333333,0.0333333333333333,0.9735,ACCEPT,False,original
GRACIAS,data/raw_videos/GRACIAS/GRACIAS_rep_2_113507.mp4,data/landmarks/GRACIAS/GRACIAS_rep_2_113507.npy,data/landmarks_hands_only/GRACIAS/GRACIAS_rep_2_113507.npy,60,71.5,0.9666666666666668,0,1.8333333333333333,0.8666666666666667,0.1,0.0333333333333333,0.9558333333333332,ACCEPT,False,original
SI,data/raw_videos/SI/SI_rep_0_111221.mp4,data/landmarks/SI/SI_rep_0_111221_aug_0.npy,data/landmarks_hands_only/SI/SI_rep_0_111221_aug_0.npy,60,53.65,0.9833333333333332,0,0.9833333333333332,0.0,0.9833333333333332,0.0166666666666666,0.9925925925925926,ACCEPT,True,temporal_warp+spatial_scale+gaussian_noise
COMER,data/raw_videos/COMER/COMER_rep_1_105846.mp4,data/landmarks/COMER/COMER_rep_1_105846.npy,data/landmarks_hands_only/COMER/COMER_rep_1_105846.npy,60,51.55,0.8833333333333333,0,0.8833333333333333,0.0,0.8833333333333333,0.1166666666666666,0.948148148148148,ACCEPT,False,original
POR_FAVOR,data/raw_videos/POR_FAVOR/POR_FAVOR_rep_0_112613.mp4,data/landmarks/POR_FAVOR/POR_FAVOR_rep_0_112613_aug_0.npy,data/landmarks_hands_only/POR_FAVOR/POR_FAVOR_rep_0_112613_aug_0.npy,60,53.65,0.95,0,0.9833333333333332,0.0333333333333333,0.9166666666666666,0.05,0.9842592592592592,ACCEPT,True,temporal_warp+spatial_scale+gaussian_noise
AYUDA,data/raw_videos/AYUDA/AYUDA_rep_0_143403.mp4,data/landmarks/AYUDA/AYUDA_rep_0_143403_aug_0.npy,data/landmarks_hands_only/AYUDA/AYUDA_rep_0_143403_aug_0.npy,60,72.2,1.0,0,1.8666666666666667,0.8666666666666667,0.1333333333333333,0.0,0.9646666666666668,ACCEPT,True,temporal_warp+spatial_scale+gaussian_noise
HOLA,data/raw_videos/HOLA/HOLA_rep_2_110052.mp4,data/landmarks/HOLA/HOLA_rep_2_110052.npy,data/landmarks_hands_only/HOLA/HOLA_rep_2_110052.npy,60,52.95,0.95,0,0.95,0.0,0.95,0.05,0.977777777777778,ACCEPT,False,original
GRACIAS,data/raw_videos/GRACIAS/GRACIAS_rep_0_123522.mp4,data/landmarks/GRACIAS/GRACIAS_rep_0_123522.npy,data/landmarks_hands_only/GRACIAS/GRACIAS_rep_0_123522.npy,60,71.5,0.9333333333333332,0,1.8333333333333333,0.9,0.0333333333333333,0.0666666666666666,0.9558333333333332,ACCEPT,False,original
POR_FAVOR,data/raw_videos/POR_FAVOR/POR_FAVOR_rep_0_124137.mp4,data/landmarks/POR_FAVOR/POR_FAVOR_rep_0_124137.npy,data/landmarks_hands_only/POR_FAVOR/POR_FAVOR_rep_0_124137.npy,60,54.0,1.0,0,1.0,0.0,1.0,0.0,1.0,ACCEPT,False,original
POR_FAVOR,data/raw_videos/POR_FAVOR/POR_FAVOR_rep_0_120757.mp4,data/landmarks/POR_FAVOR/POR_FAVOR_rep_0_120757.npy,data/landmarks_hands_only/POR_FAVOR/POR_FAVOR_rep_0_120757.npy,60,53.3,0.9666666666666668,0,0.9666666666666668,0.0,0.9666666666666668,0.0333333333333333,0.9851851851851852,ACCEPT,False,original
GRACIAS,data/raw_videos/GRACIAS/GRACIAS_rep_0_113542.mp4,data/landmarks/GRACIAS/GRACIAS_rep_0_113542_aug_0.npy,data/landmarks_hands_only/GRACIAS/GRACIAS_rep_0_113542_aug_0.npy,60,74.3,1.0,0,1.9666666666666663,0.9666666666666668,0.0333333333333333,0.0,0.9911666666666666,ACCEPT,True,temporal_warp+spatial_scale+gaussian_noise
POR_FAVOR,data/raw_videos/POR_FAVOR/POR_FAVOR_rep_3_112557.mp4,data/landmarks/POR_FAVOR/POR_FAVOR_rep_3_112557_aug_0.npy,data/landmarks_hands_only/POR_FAVOR/POR_FAVOR_rep_3_112557_aug_0.npy,60,53.3,0.9666666666666668,0,0.9666666666666668,0.0,0.9666666666666668,0.0333333333333333,0.9851851851851852,ACCEPT,True,temporal_warp+spatial_scale+gaussian_noise
COMER,data/raw_videos/COMER/COMER_rep_2_115815.mp4,data/landmarks/COMER/COMER_rep_2_115815_aug_0.npy,data/landmarks_hands_only/COMER/COMER_rep_2_115815_aug_0.npy,60,53.3,0.9666666666666668,0,0.9666666666666668,0.0,0.9666666666666668,0.0333333333333333,0.9851851851851852,ACCEPT,True,temporal_warp+spatial_scale+gaussian_noise
TU,data/raw_videos/TU/TU_rep_2_115150.mp4,data/landmarks/TU/TU_rep_2_115150_aug_0.npy,data/landmarks_hands_only/TU/TU_rep_2_115150_aug_0.npy,60,54.0,1.0,0,1.0,0.0,1.0,0.0,1.0,ACCEPT,True,temporal_warp+spatial_scale+gaussian_noise
HOLA,data/raw_videos/HOLA/HOLA_rep_0_121406.mp4,data/landmarks/HOLA/HOLA_rep_0_121406_aug_0.npy,data/landmarks_hands_only/HOLA/HOLA_rep_0_121406_aug_0.npy,60,54.0,1.0,0,1.0,0.0,1.0,0.0,1.0,ACCEPT,True,temporal_warp+spatial_scale+gaussian_noise
HOLA,data/raw_videos/HOLA/HOLA_rep_0_110005.mp4,data/landmarks/HOLA/HOLA_rep_0_110005_aug_0.npy,data/landmarks_hands_only/HOLA/HOLA_rep_0_110005_aug_0.npy,60,54.0,1.0,0,1.0,0.0,1.0,0.0,1.0,ACCEPT,True,temporal_warp+spatial_scale+gaussian_noise
BANIO,data/raw_videos/BANIO/BANIO_rep_0_143735.mp4,data/landmarks/BANIO/BANIO_rep_0_143735.npy,data/landmarks_hands_only/BANIO/BANIO_rep_0_143735.npy,60,52.95,0.95,0,0.95,0.0,0.95,0.05,0.977777777777778,ACCEPT,False,original
TU,data/raw_videos/TU/TU_rep_0_111413.mp4,data/landmarks/TU/TU_rep_0_111413_aug_0.npy,data/landmarks_hands_only/TU/TU_rep_0_111413_aug_0.npy,60,54.0,1.0,0,1.0,0.0,1.0,0.0,1.0,ACCEPT,True,temporal_warp+spatial_scale+gaussian_noise
COMER,data/raw_videos/COMER/COMER_rep_2_140755.mp4,data/landmarks/COMER/COMER_rep_2_140755.npy,data/landmarks_hands_only/COMER/COMER_rep_2_140755.npy,60,53.3,0.9666666666666668,0,0.9666666666666668,0.0,0.9666666666666668,0.0333333333333333,0.9851851851851852,ACCEPT,False,original
NO,data/raw_videos/NO/NO_rep_1_115955.mp4,data/landmarks/NO/NO_rep_1_115955_aug_0.npy,data/landmarks_hands_only/NO/NO_rep_1_115955_aug_0.npy,60,52.25,0.9166666666666666,0,0.9166666666666666,0.0,0.9166666666666666,0.0833333333333333,0.962962962962963,ACCEPT,True,temporal_warp+spatial_scale+gaussian_noise
YO,data/raw_videos/YO/YO_rep_1_125220.mp4,data/landmarks/YO/YO_rep_1_125220.npy,data/landmarks_hands_only/YO/YO_rep_1_125220.npy,60,51.55,0.8833333333333333,0,0.8833333333333333,0.0,0.8833333333333333,0.1166666666666666,0.948148148148148,ACCEPT,False,original
SI,data/raw_videos/SI/SI_rep_0_120351.mp4,data/landmarks/SI/SI_rep_0_120351.npy,data/landmarks_hands_only/SI/SI_rep_0_120351.npy,60,54.0,1.0,0,1.0,0.0,1.0,0.0,1.0,ACCEPT,False,original
AYUDA,data/raw_videos/AYUDA/AYUDA_rep_2_114055 copy.mp4,data/landmarks/AYUDA/AYUDA_rep_2_114055 copy_aug_0.npy,data/landmarks_hands_only/AYUDA/AYUDA_rep_2_114055 copy_aug_0.npy,60,75.0,1.0,0,2.0,1.0,0.0,0.0,1.0,ACCEPT,True,temporal_warp+spatial_scale+gaussian_noise
POR_FAVOR,data/raw_videos/POR_FAVOR/POR_FAVOR_rep_0_120904.mp4,data/landmarks/POR_FAVOR/POR_FAVOR_rep_0_120904_aug_0.npy,data/landmarks_hands_only/POR_FAVOR/POR_FAVOR_rep_0_120904_aug_0.npy,60,52.6,0.9333333333333332,0,0.9333333333333332,0.0,0.9333333333333332,0.0666666666666666,0.9703703703703704,ACCEPT,True,temporal_warp+spatial_scale+gaussian_noise
HOLA,data/raw_videos/HOLA/HOLA_rep_1_110121.mp4,data/landmarks/HOLA/HOLA_rep_1_110121_aug_0.npy,data/landmarks_hands_only/HOLA/HOLA_rep_1_110121_aug_0.npy,60,53.3,0.9666666666666668,0,0.9666666666666668,0.0,0.9666666666666668,0.0333333333333333,0.9851851851851852,ACCEPT,True,temporal_warp+spatial_scale+gaussian_noise
GRACIAS,data/raw_videos/GRACIAS/GRACIAS_rep_0_113727.mp4,data/landmarks/GRACIAS/GRACIAS_rep_0_113727_aug_0.npy,data/landmarks_hands_only/GRACIAS/GRACIAS_rep_0_113727_aug_0.npy,60,72.9,0.9666666666666668,0,1.9,0.9333333333333332,0.0333333333333333,0.0333333333333333,0.9735,ACCEPT,True,temporal_warp+spatial_scale+gaussian_noise
YO,data/raw_videos/YO/YO_rep_0_114941.mp4,data/landmarks/YO/YO_rep_0_114941_aug_0.npy,data/landmarks_hands_only/YO/YO_rep_0_114941_aug_0.npy,60,52.95,0.95,0,0.95,0.0,0.95,0.05,0.977777777777778,ACCEPT,True,temporal_warp+spatial_scale+gaussian_noise
NO,data/raw_videos/NO/NO_rep_3_110614.mp4,data/landmarks/NO/NO_rep_3_110614_aug_0.npy,data/landmarks_hands_only/NO/NO_rep_3_110614_aug_0.npy,60,53.65,0.9833333333333332,0,0.9833333333333332,0.0,0.9833333333333332,0.0166666666666666,0.9925925925925926,ACCEPT,True,temporal_warp+spatial_scale+gaussian_noise
YO,data/raw_videos/YO/YO_rep_1_112309.mp4,data/landmarks/YO/YO_rep_1_112309_aug_0.npy,data/landmarks_hands_only/YO/YO_rep_1_112309_aug_0.npy,60,53.3,0.9666666666666668,0,0.9666666666666668,0.0,0.9666666666666668,0.0333333333333333,0.9851851851851852,ACCEPT,True,temporal_warp+spatial_scale+gaussian_noise
TU,data/raw_videos/TU/TU_rep_1_125732.mp4,data/landmarks/TU/TU_rep_1_125732_aug_0.npy,data/landmarks_hands_only/TU/TU_rep_1_125732_aug_0.npy,60,51.2,0.8666666666666667,0,0.8666666666666667,0.0,0.8666666666666667,0.1333333333333333,0.9407407407407408,ACCEPT,True,temporal_warp+spatial_scale+gaussian_noise
GRACIAS,data/raw_videos/GRACIAS/GRACIAS_rep_0_121017.mp4,data/landmarks/GRACIAS/GRACIAS_rep_0_121017_aug_0.npy,data/landmarks_hands_only/GRACIAS/GRACIAS_rep_0_121017_aug_0.npy,60,72.2,1.0,0,1.8666666666666667,0.8666666666666667,0.1333333333333333,0.0,0.9646666666666668,ACCEPT,True,temporal_warp+spatial_scale+gaussian_noise
HOLA,data/raw_videos/HOLA/HOLA_rep_0_121711.mp4,data/landmarks/HOLA/HOLA_rep_0_121711_aug_0.npy,data/landmarks_hands_only/HOLA/HOLA_rep_0_121711_aug_0.npy,60,52.6,0.9333333333333332,0,0.9333333333333332,0.0,0.9333333333333332,0.0666666666666666,0.9703703703703704,ACCEPT,True,temporal_warp+spatial_scale+gaussian_noise
TU,data/raw_videos/TU/TU_rep_2_111658.mp4,data/landmarks/TU/TU_rep_2_111658_aug_0.npy,data/landmarks_hands_only/TU/TU_rep_2_111658_aug_0.npy,60,53.65,0.9833333333333332,0,0.9833333333333332,0.0,0.9833333333333332,0.0166666666666666,0.9925925925925926,ACCEPT,True,temporal_warp+spatial_scale+gaussian_noise
HOLA,data/raw_videos/HOLA/HOLA_rep_2_114553.mp4,data/landmarks/HOLA/HOLA_rep_2_114553.npy,data/landmarks_hands_only/HOLA/HOLA_rep_2_114553.npy,60,52.6,0.9333333333333332,0,0.9333333333333332,0.0,0.9333333333333332,0.0666666666666666,0.9703703703703704,ACCEPT,False,original
COMER,data/raw_videos/COMER/COMER_rep_0_105659.mp4,data/landmarks/COMER/COMER_rep_0_105659.npy,data/landmarks_hands_only/COMER/COMER_rep_0_105659.npy,60,54.0,1.0,0,1.0,0.0,1.0,0.0,1.0,ACCEPT,False,original
POR_FAVOR,data/raw_videos/POR_FAVOR/POR_FAVOR_rep_1_120741.mp4,data/landmarks/POR_FAVOR/POR_FAVOR_rep_1_120741_aug_0.npy,data/landmarks_hands_only/POR_FAVOR/POR_FAVOR_rep_1_120741_aug_0.npy,60,54.0,1.0,0,1.0,0.0,1.0,0.0,1.0,ACCEPT,True,temporal_warp+spatial_scale+gaussian_noise
GRACIAS,data/raw_videos/GRACIAS/GRACIAS_rep_1_113739.mp4,data/landmarks/GRACIAS/GRACIAS_rep_1_113739_aug_0.npy,data/landmarks_hands_only/GRACIAS/GRACIAS_rep_1_113739_aug_0.npy,60,72.2,0.9333333333333332,0,1.8666666666666667,0.9333333333333332,0.0,0.0666666666666666,0.9646666666666668,ACCEPT,True,temporal_warp+spatial_scale+gaussian_noise
TU,data/raw_videos/TU/TU_rep_3_125818.mp4,data/landmarks/TU/TU_rep_3_125818_aug_0.npy,data/landmarks_hands_only/TU/TU_rep_3_125818_aug_0.npy,60,51.2,0.8666666666666667,0,0.8666666666666667,0.0,0.8666666666666667,0.1333333333333333,0.9407407407407408,ACCEPT,True,temporal_warp+spatial_scale+gaussian_noise
NO,data/raw_videos/NO/NO_rep_0_115943.mp4,data/landmarks/NO/NO_rep_0_115943_aug_0.npy,data/landmarks_hands_only/NO/NO_rep_0_115943_aug_0.npy,60,53.65,0.9833333333333332,0,0.9833333333333332,0.0,0.9833333333333332,0.0166666666666666,0.9925925925925926,ACCEPT,True,temporal_warp+spatial_scale+gaussian_noise
AYUDA,data/raw_videos/AYUDA/AYUDA_rep_3_114108 copy.mp4,data/landmarks/AYUDA/AYUDA_rep_3_114108 copy.npy,data/landmarks_hands_only/AYUDA/AYUDA_rep_3_114108 copy.npy,60,74.3,1.0,0,1.9666666666666663,0.9666666666666668,0.0333333333333333,0.0,0.9911666666666666,ACCEPT,False,original
POR_FAVOR,data/raw_videos/POR_FAVOR/POR_FAVOR_rep_1_112825.mp4,data/landmarks/POR_FAVOR/POR_FAVOR_rep_1_112825_aug_0.npy,data/landmarks_hands_only/POR_FAVOR/POR_FAVOR_rep_1_112825_aug_0.npy,60,51.9,0.9,0,0.9,0.0,0.9,0.1,0.9555555555555556,ACCEPT,True,temporal_warp+spatial_scale+gaussian_noise
YO,data/raw_videos/YO/YO_rep_2_112032.mp4,data/landmarks/YO/YO_rep_2_112032.npy,data/landmarks_hands_only/YO/YO_rep_2_112032.npy,60,53.3,0.9666666666666668,0,0.9666666666666668,0.0,0.9666666666666668,0.0333333333333333,0.9851851851851852,ACCEPT,False,original
YO,data/raw_videos/YO/YO_rep_1_125220.mp4,data/landmarks/YO/YO_rep_1_125220_aug_0.npy,data/landmarks_hands_only/YO/YO_rep_1_125220_aug_0.npy,60,51.55,0.8833333333333333,0,0.8833333333333333,0.0,0.8833333333333333,0.1166666666666666,0.948148148148148,ACCEPT,True,temporal_warp+spatial_scale+gaussian_noise
TU,data/raw_videos/TU/TU_rep_1_125805.mp4,data/landmarks/TU/TU_rep_1_125805_aug_0.npy,data/landmarks_hands_only/TU/TU_rep_1_125805_aug_0.npy,60,51.55,0.8833333333333333,0,0.8833333333333333,0.0,0.8833333333333333,0.1166666666666666,0.948148148148148,ACCEPT,True,temporal_warp+spatial_scale+gaussian_noise
HOLA,data/raw_videos/HOLA/HOLA_rep_0_110225.mp4,data/landmarks/HOLA/HOLA_rep_0_110225.npy,data/landmarks_hands_only/HOLA/HOLA_rep_0_110225.npy,60,52.6,0.9333333333333332,0,0.9333333333333332,0.0,0.9333333333333332,0.0666666666666666,0.9703703703703704,ACCEPT,False,original
COMER,data/raw_videos/COMER/COMER_rep_2_140829.mp4,data/landmarks/COMER/COMER_rep_2_140829_aug_0.npy,data/landmarks_hands_only/COMER/COMER_rep_2_140829_aug_0.npy,60,53.65,0.9833333333333332,0,0.9833333333333332,0.0,0.9833333333333332,0.0166666666666666,0.9925925925925926,ACCEPT,True,temporal_warp+spatial_scale+gaussian_noise
SI,data/raw_videos/SI/SI_rep_0_111138.mp4,data/landmarks/SI/SI_rep_0_111138.npy,data/landmarks_hands_only/SI/SI_rep_0_111138.npy,60,54.0,1.0,0,1.0,0.0,1.0,0.0,1.0,ACCEPT,False,original
POR_FAVOR,data/raw_videos/POR_FAVOR/POR_FAVOR_rep_0_112613.mp4,data/landmarks/POR_FAVOR/POR_FAVOR_rep_0_112613.npy,data/landmarks_hands_only/POR_FAVOR/POR_FAVOR_rep_0_112613.npy,60,53.65,0.95,0,0.9833333333333332,0.0333333333333333,0.9166666666666666,0.05,0.9842592592592592,ACCEPT,False,original
GRACIAS,data/raw_videos/GRACIAS/GRACIAS_rep_1_113346.mp4,data/landmarks/GRACIAS/GRACIAS_rep_1_113346.npy,data/landmarks_hands_only/GRACIAS/GRACIAS_rep_1_113346.npy,60,74.3,0.9833333333333332,0,1.9666666666666663,0.9833333333333332,0.0,0.0166666666666666,0.9911666666666664,ACCEPT,False,original
SI,data/raw_videos/SI/SI_rep_2_120213.mp4,data/landmarks/SI/SI_rep_2_120213.npy,data/landmarks_hands_only/SI/SI_rep_2_120213.npy,60,52.95,0.95,0,0.95,0.0,0.95,0.05,0.977777777777778,ACCEPT,False,original
COMER,data/raw_videos/COMER/COMER_rep_2_115815.mp4,data/landmarks/COMER/COMER_rep_2_115815.npy,data/landmarks_hands_only/COMER/COMER_rep_2_115815.npy,60,53.3,0.9666666666666668,0,0.9666666666666668,0.0,0.9666666666666668,0.0333333333333333,0.9851851851851852,ACCEPT,False,original
NO,data/raw_videos/NO/NO_rep_3_120113.mp4,data/landmarks/NO/NO_rep_3_120113.npy,data/landmarks_hands_only/NO/NO_rep_3_120113.npy,60,54.0,1.0,0,1.0,0.0,1.0,0.0,1.0,ACCEPT,False,original
HOLA,data/raw_videos/HOLA/HOLA_rep_2_114553.mp4,data/landmarks/HOLA/HOLA_rep_2_114553_aug_0.npy,data/landmarks_hands_only/HOLA/HOLA_rep_2_114553_aug_0.npy,60,52.6,0.9333333333333332,0,0.9333333333333332,0.0,0.9333333333333332,0.0666666666666666,0.9703703703703704,ACCEPT,True,temporal_warp+spatial_scale+gaussian_noise
COMER,data/raw_videos/COMER/COMER_rep_3_105724.mp4,data/landmarks/COMER/COMER_rep_3_105724.npy,data/landmarks_hands_only/COMER/COMER_rep_3_105724.npy,60,54.0,1.0,0,1.0,0.0,1.0,0.0,1.0,ACCEPT,False,original
BANIO,data/raw_videos/BANIO/BANIO_rep_0_105502.mp4,data/landmarks/BANIO/BANIO_rep_0_105502_aug_0.npy,data/landmarks_hands_only/BANIO/BANIO_rep_0_105502_aug_0.npy,60,54.0,1.0,0,1.0,0.0,1.0,0.0,1.0,ACCEPT,True,temporal_warp+spatial_scale+gaussian_noise
POR_FAVOR,data/raw_videos/POR_FAVOR/POR_FAVOR_rep_0_124251.mp4,data/landmarks/POR_FAVOR/POR_FAVOR_rep_0_124251_aug_0.npy,data/landmarks_hands_only/POR_FAVOR/POR_FAVOR_rep_0_124251_aug_0.npy,60,52.6,0.9333333333333332,0,0.9333333333333332,0.0,0.9333333333333332,0.0666666666666666,0.9703703703703704,ACCEPT,True,temporal_warp+spatial_scale+gaussian_noise
BANIO,data/raw_videos/BANIO/BANIO_rep_0_105346.mp4,data/landmarks/BANIO/BANIO_rep_0_105346.npy,data/landmarks_hands_only/BANIO/BANIO_rep_0_105346.npy,60,53.3,0.9666666666666668,0,0.9666666666666668,0.0,0.9666666666666668,0.0333333333333333,0.9851851851851852,ACCEPT,False,original
GRACIAS,data/raw_videos/GRACIAS/GRACIAS_rep_1_113346.mp4,data/landmarks/GRACIAS/GRACIAS_rep_1_113346_aug_0.npy,data/landmarks_hands_only/GRACIAS/GRACIAS_rep_1_113346_aug_0.npy,60,74.3,0.9833333333333332,0,1.9666666666666663,0.9833333333333332,0.0,0.0166666666666666,0.9911666666666664,ACCEPT,True,temporal_warp+spatial_scale+gaussian_noise
POR_FAVOR,data/raw_videos/POR_FAVOR/POR_FAVOR_rep_1_112929.mp4,data/landmarks/POR_FAVOR/POR_FAVOR_rep_1_112929_aug_0.npy,data/landmarks_hands_only/POR_FAVOR/POR_FAVOR_rep_1_112929_aug_0.npy,60,53.65,0.9833333333333332,0,0.9833333333333332,0.0,0.9833333333333332,0.0166666666666666,0.9925925925925926,ACCEPT,True,temporal_warp+spatial_scale+gaussian_noise
TU,data/raw_videos/TU/TU_rep_1_115144.mp4,data/landmarks/TU/TU_rep_1_115144_aug_0.npy,data/landmarks_hands_only/TU/TU_rep_1_115144_aug_0.npy,60,54.0,1.0,0,1.0,0.0,1.0,0.0,1.0,ACCEPT,True,temporal_warp+spatial_scale+gaussian_noise
BANIO,data/raw_videos/BANIO/BANIO_rep_0_143842.mp4,data/landmarks/BANIO/BANIO_rep_0_143842_aug_0.npy,data/landmarks_hands_only/BANIO/BANIO_rep_0_143842_aug_0.npy,60,51.9,0.9,0,0.9,0.0,0.9,0.1,0.9555555555555556,ACCEPT,True,temporal_warp+spatial_scale+gaussian_noise
HOLA,data/raw_videos/HOLA/HOLA_rep_0_114301.mp4,data/landmarks/HOLA/HOLA_rep_0_114301.npy,data/landmarks_hands_only/HOLA/HOLA_rep_0_114301.npy,60,52.6,0.9333333333333332,0,0.9333333333333332,0.0,0.9333333333333332,0.0666666666666666,0.9703703703703704,ACCEPT,False,original
SI,data/raw_videos/SI/SI_rep_1_111227.mp4,data/landmarks/SI/SI_rep_1_111227_aug_0.npy,data/landmarks_hands_only/SI/SI_rep_1_111227_aug_0.npy,60,54.0,1.0,0,1.0,0.0,1.0,0.0,1.0,ACCEPT,True,temporal_warp+spatial_scale+gaussian_noise
POR_FAVOR,data/raw_videos/POR_FAVOR/POR_FAVOR_rep_3_112913.mp4,data/landmarks/POR_FAVOR/POR_FAVOR_rep_3_112913_aug_0.npy,data/landmarks_hands_only/POR_FAVOR/POR_FAVOR_rep_3_112913_aug_0.npy,60,53.65,0.9833333333333332,0,0.9833333333333332,0.0,0.9833333333333332,0.0166666666666666,0.9925925925925926,ACCEPT,True,temporal_warp+spatial_scale+gaussian_noise
SI,data/raw_videos/SI/SI_rep_1_111303.mp4,data/landmarks/SI/SI_rep_1_111303.npy,data/landmarks_hands_only/SI/SI_rep_1_111303.npy,60,52.95,0.95,0,0.95,0.0,0.95,0.05,0.977777777777778,ACCEPT,False,original
BANIO,data/raw_videos/BANIO/BANIO_rep_1_143742.mp4,data/landmarks/BANIO/BANIO_rep_1_143742_aug_0.npy,data/landmarks_hands_only/BANIO/BANIO_rep_1_143742_aug_0.npy,60,52.6,0.9333333333333332,0,0.9333333333333332,0.0,0.9333333333333332,0.0666666666666666,0.9703703703703704,ACCEPT,True,temporal_warp+spatial_scale+gaussian_noise
POR_FAVOR,data/raw_videos/POR_FAVOR/POR_FAVOR_rep_0_120904.mp4,data/landmarks/POR_FAVOR/POR_FAVOR_rep_0_120904.npy,data/landmarks_hands_only/POR_FAVOR/POR_FAVOR_rep_0_120904.npy,60,52.6,0.9333333333333332,0,0.9333333333333332,0.0,0.9333333333333332,0.0666666666666666,0.9703703703703704,ACCEPT,False,original
POR_FAVOR,data/raw_videos/POR_FAVOR/POR_FAVOR_rep_2_124452.mp4,data/landmarks/POR_FAVOR/POR_FAVOR_rep_2_124452_aug_0.npy,data/landmarks_hands_only/POR_FAVOR/POR_FAVOR_rep_2_124452_aug_0.npy,60,53.65,0.9833333333333332,0,0.9833333333333332,0.0,0.9833333333333332,0.0166666666666666,0.9925925925925926,ACCEPT,True,temporal_warp+spatial_scale+gaussian_noise
GRACIAS,data/raw_videos/GRACIAS/GRACIAS_rep_0_113542.mp4,data/landmarks/GRACIAS/GRACIAS_rep_0_113542.npy,data/landmarks_hands_only/GRACIAS/GRACIAS_rep_0_113542.npy,60,74.3,1.0,0,1.9666666666666663,0.9666666666666668,0.0333333333333333,0.0,0.9911666666666666,ACCEPT,False,original
COMER,data/raw_videos/COMER/COMER_rep_3_115714.mp4,data/landmarks/COMER/COMER_rep_3_115714_aug_0.npy,data/landmarks_hands_only/COMER/COMER_rep_3_115714_aug_0.npy,60,54.0,1.0,0,1.0,0.0,1.0,0.0,1.0,ACCEPT,True,temporal_warp+spatial_scale+gaussian_noise
SI,data/raw_videos/SI/SI_rep_2_110859.mp4,data/landmarks/SI/SI_rep_2_110859.npy,data/landmarks_hands_only/SI/SI_rep_2_110859.npy,60,52.95,0.95,0,0.95,0.0,0.95,0.05,0.977777777777778,ACCEPT,False,original
COMER,data/raw_videos/COMER/COMER_rep_2_105717.mp4,data/landmarks/COMER/COMER_rep_2_105717.npy,data/landmarks_hands_only/COMER/COMER_rep_2_105717.npy,60,52.95,0.95,0,0.95,0.0,0.95,0.05,0.977777777777778,ACCEPT,False,original
BANIO,data/raw_videos/BANIO/BANIO_rep_0_105011.mp4,data/landmarks/BANIO/BANIO_rep_0_105011.npy,data/landmarks_hands_only/BANIO/BANIO_rep_0_105011.npy,60,53.65,0.9833333333333332,0,0.9833333333333332,0.0,0.9833333333333332,0.0166666666666666,0.9925925925925926,ACCEPT,False,original
NO,data/raw_videos/NO/NO_rep_0_110550.mp4,data/landmarks/NO/NO_rep_0_110550_aug_0.npy,data/landmarks_hands_only/NO/NO_rep_0_110550_aug_0.npy,60,53.3,0.9666666666666668,0,0.9666666666666668,0.0,0.9666666666666668,0.0333333333333333,0.9851851851851852,ACCEPT,True,temporal_warp+spatial_scale+gaussian_noise
SI,data/raw_videos/SI/SI_rep_1_110811.mp4,data/landmarks/SI/SI_rep_1_110811.npy,data/landmarks_hands_only/SI/SI_rep_1_110811.npy,60,53.65,0.9833333333333332,0,0.9833333333333332,0.0,0.9833333333333332,0.0166666666666666,0.9925925925925926,ACCEPT,False,original
COMER,data/raw_videos/COMER/COMER_rep_3_105829.mp4,data/landmarks/COMER/COMER_rep_3_105829.npy,data/landmarks_hands_only/COMER/COMER_rep_3_105829.npy,60,52.25,0.9166666666666666,0,0.9166666666666666,0.0,0.9166666666666666,0.0833333333333333,0.962962962962963,ACCEPT,False,original
GRACIAS,data/raw_videos/GRACIAS/GRACIAS_rep_2_123841.mp4,data/landmarks/GRACIAS/GRACIAS_rep_2_123841.npy,data/landmarks_hands_only/GRACIAS/GRACIAS_rep_2_123841.npy,60,73.95,1.0,0,1.95,0.95,0.05,0.0,0.98675,ACCEPT,False,original
SI,data/raw_videos/SI/SI_rep_0_111221.mp4,data/landmarks/SI/SI_rep_0_111221.npy,data/landmarks_hands_only/SI/SI_rep_0_111221.npy,60,53.65,0.9833333333333332,0,0.9833333333333332,0.0,0.9833333333333332,0.0166666666666666,0.9925925925925926,ACCEPT,False,original
BANIO,data/raw_videos/BANIO/BANIO_rep_0_105502.mp4,data/landmarks/BANIO/BANIO_rep_0_105502.npy,data/landmarks_hands_only/BANIO/BANIO_rep_0_105502.npy,60,54.0,1.0,0,1.0,0.0,1.0,0.0,1.0,ACCEPT,False,original
TU,data/raw_videos/TU/TU_rep_2_115150.mp4,data/landmarks/TU/TU_rep_2_115150.npy,data/landmarks_hands_only/TU/TU_rep_2_115150.npy,60,54.0,1.0,0,1.0,0.0,1.0,0.0,1.0,ACCEPT,False,original
SI,data/raw_videos/SI/SI_rep_2_111157.mp4,data/landmarks/SI/SI_rep_2_111157_aug_0.npy,data/landmarks_hands_only/SI/SI_rep_2_111157_aug_0.npy,60,53.3,0.9666666666666668,0,0.9666666666666668,0.0,0.9666666666666668,0.0333333333333333,0.9851851851851852,ACCEPT,True,temporal_warp+spatial_scale+gaussian_noise
NO,data/raw_videos/NO/NO_rep_1_110444.mp4,data/landmarks/NO/NO_rep_1_110444_aug_0.npy,data/landmarks_hands_only/NO/NO_rep_1_110444_aug_0.npy,60,54.35,0.95,0,1.0166666666666666,0.0666666666666666,0.8833333333333333,0.05,0.9875,ACCEPT,True,temporal_warp+spatial_scale+gaussian_noise
TU,data/raw_videos/TU/TU_rep_3_115238.mp4,data/landmarks/TU/TU_rep_3_115238.npy,data/landmarks_hands_only/TU/TU_rep_3_115238.npy,60,54.0,1.0,0,1.0,0.0,1.0,0.0,1.0,ACCEPT,False,original
COMER,data/raw_videos/COMER/COMER_rep_1_105711.mp4,data/landmarks/COMER/COMER_rep_1_105711.npy,data/landmarks_hands_only/COMER/COMER_rep_1_105711.npy,60,53.3,0.9666666666666668,0,0.9666666666666668,0.0,0.9666666666666668,0.0333333333333333,0.9851851851851852,ACCEPT,False,original
YO,data/raw_videos/YO/YO_rep_0_125200.mp4,data/landmarks/YO/YO_rep_0_125200.npy,data/landmarks_hands_only/YO/YO_rep_0_125200.npy,60,51.55,0.8833333333333333,0,0.8833333333333333,0.0,0.8833333333333333,0.1166666666666666,0.948148148148148,ACCEPT,False,original
YO,data/raw_videos/YO/YO_rep_0_125510.mp4,data/landmarks/YO/YO_rep_0_125510.npy,data/landmarks_hands_only/YO/YO_rep_0_125510.npy,60,52.6,0.9333333333333332,0,0.9333333333333332,0.0,0.9333333333333332,0.0666666666666666,0.9703703703703704,ACCEPT,False,original
NO,data/raw_videos/NO/NO_rep_2_154444.mp4,data/landmarks/NO/NO_rep_2_154444_aug_0.npy,data/landmarks_hands_only/NO/NO_rep_2_154444_aug_0.npy,60,50.85,0.85,0,0.85,0.0,0.85,0.15,0.9333333333333332,ACCEPT,True,temporal_warp+spatial_scale+gaussian_noise
NO,data/raw_videos/NO/NO_rep_2_120107.mp4,data/landmarks/NO/NO_rep_2_120107_aug_0.npy,data/landmarks_hands_only/NO/NO_rep_2_120107_aug_0.npy,60,53.65,0.9833333333333332,0,0.9833333333333332,0.0,0.9833333333333332,0.0166666666666666,0.9925925925925926,ACCEPT,True,temporal_warp+spatial_scale+gaussian_noise
BANIO,data/raw_videos/BANIO/BANIO_rep_2_143902.mp4,data/landmarks/BANIO/BANIO_rep_2_143902_aug_0.npy,data/landmarks_hands_only/BANIO/BANIO_rep_2_143902_aug_0.npy,60,53.3,0.9666666666666668,0,0.9666666666666668,0.0,0.9666666666666668,0.0333333333333333,0.9851851851851852,ACCEPT,True,temporal_warp+spatial_scale+gaussian_noise
SI,data/raw_videos/SI/SI_rep_1_154025.mp4,data/landmarks/SI/SI_rep_1_154025.npy,data/landmarks_hands_only/SI/SI_rep_1_154025.npy,60,51.2,0.8666666666666667,0,0.8666666666666667,0.0,0.8666666666666667,0.1333333333333333,0.9407407407407408,ACCEPT,False,original
GRACIAS,data/raw_videos/GRACIAS/GRACIAS_rep_3_113852.mp4,data/landmarks/GRACIAS/GRACIAS_rep_3_113852.npy,data/landmarks_hands_only/GRACIAS/GRACIAS_rep_3_113852.npy,60,73.6,0.9666666666666668,0,1.9333333333333331,0.9666666666666668,0.0,0.0333333333333333,0.9823333333333332,ACCEPT,False,original
TU,data/raw_videos/TU/TU_rep_3_111432.mp4,data/landmarks/TU/TU_rep_3_111432_aug_0.npy,data/landmarks_hands_only/TU/TU_rep_3_111432_aug_0.npy,60,52.95,0.95,0,0.95,0.0,0.95,0.05,0.977777777777778,ACCEPT,True,temporal_warp+spatial_scale+gaussian_noise
BANIO,data/raw_videos/BANIO/BANIO_rep_3_105042.mp4,data/landmarks/BANIO/BANIO_rep_3_105042_aug_0.npy,data/landmarks_hands_only/BANIO/BANIO_rep_3_105042_aug_0.npy,60,53.65,0.9833333333333332,0,0.9833333333333332,0.0,0.9833333333333332,0.0166666666666666,0.9925925925925926,ACCEPT,True,temporal_warp+spatial_scale+gaussian_noise
GRACIAS,data/raw_videos/GRACIAS/GRACIAS_rep_2_121029.mp4,data/landmarks/GRACIAS/GRACIAS_rep_2_121029.npy,data/landmarks_hands_only/GRACIAS/GRACIAS_rep_2_121029.npy,60,75.0,1.0,0,2.0,1.0,0.0,0.0,1.0,ACCEPT,False,original
AYUDA,data/raw_videos/AYUDA/AYUDA_rep_0_143315.mp4,data/landmarks/AYUDA/AYUDA_rep_0_143315_aug_0.npy,data/landmarks_hands_only/AYUDA/AYUDA_rep_0_143315_aug_0.npy,60,74.65,1.0,0,1.9833333333333336,0.9833333333333332,0.0166666666666666,0.0,0.9955833333333334,ACCEPT,True,temporal_warp+spatial_scale+gaussian_noise
NO,data/raw_videos/NO/NO_rep_2_110422.mp4,data/landmarks/NO/NO_rep_2_110422_aug_0.npy,data/landmarks_hands_only/NO/NO_rep_2_110422_aug_0.npy,60,55.75,0.9833333333333332,0,1.0833333333333333,0.1,0.8833333333333333,0.0166666666666666,0.9958333333333332,ACCEPT,True,temporal_warp+spatial_scale+gaussian_noise
BANIO,data/raw_videos/BANIO/BANIO_rep_2_105143.mp4,data/landmarks/BANIO/BANIO_rep_2_105143.npy,data/landmarks_hands_only/BANIO/BANIO_rep_2_105143.npy,60,53.3,0.9666666666666668,0,0.9666666666666668,0.0,0.9666666666666668,0.0333333333333333,0.9851851851851852,ACCEPT,False,original
TU,data/raw_videos/TU/TU_rep_1_115213.mp4,data/landmarks/TU/TU_rep_1_115213_aug_0.npy,data/landmarks_hands_only/TU/TU_rep_1_115213_aug_0.npy,60,53.65,0.9833333333333332,0,0.9833333333333332,0.0,0.9833333333333332,0.0166666666666666,0.9925925925925926,ACCEPT,True,temporal_warp+spatial_scale+gaussian_noise
HOLA,data/raw_videos/HOLA/HOLA_rep_2_110202.mp4,data/landmarks/HOLA/HOLA_rep_2_110202.npy,data/landmarks_hands_only/HOLA/HOLA_rep_2_110202.npy,60,53.65,0.9833333333333332,0,0.9833333333333332,0.0,0.9833333333333332,0.0166666666666666,0.9925925925925926,ACCEPT,False,original
HOLA,data/raw_videos/HOLA/HOLA_rep_2_114458.mp4,data/landmarks/HOLA/HOLA_rep_2_114458.npy,data/landmarks_hands_only/HOLA/HOLA_rep_2_114458.npy,60,52.95,0.95,0,0.95,0.0,0.95,0.05,0.977777777777778,ACCEPT,False,original
TU,data/raw_videos/TU/TU_rep_3_115238.mp4,data/landmarks/TU/TU_rep_3_115238_aug_0.npy,data/landmarks_hands_only/TU/TU_rep_3_115238_aug_0.npy,60,54.0,1.0,0,1.0,0.0,1.0,0.0,1.0,ACCEPT,True,temporal_warp+spatial_scale+gaussian_noise
NO,data/raw_videos/NO/NO_rep_2_154531.mp4,data/landmarks/NO/NO_rep_2_154531.npy,data/landmarks_hands_only/NO/NO_rep_2_154531.npy,60,51.2,0.8666666666666667,0,0.8666666666666667,0.0,0.8666666666666667,0.1333333333333333,0.9407407407407408,ACCEPT,False,original
BANIO,data/raw_videos/BANIO/BANIO_rep_0_143914.mp4,data/landmarks/BANIO/BANIO_rep_0_143914.npy,data/landmarks_hands_only/BANIO/BANIO_rep_0_143914.npy,60,54.0,1.0,0,1.0,0.0,1.0,0.0,1.0,ACCEPT,False,original
BANIO,data/raw_videos/BANIO/BANIO_rep_2_105036.mp4,data/landmarks/BANIO/BANIO_rep_2_105036_aug_0.npy,data/landmarks_hands_only/BANIO/BANIO_rep_2_105036_aug_0.npy,60,52.6,0.9333333333333332,0,0.9333333333333332,0.0,0.9333333333333332,0.0666666666666666,0.9703703703703704,ACCEPT,True,temporal_warp+spatial_scale+gaussian_noise
COMER,data/raw_videos/COMER/COMER_rep_0_140849.mp4,data/landmarks/COMER/COMER_rep_0_140849.npy,data/landmarks_hands_only/COMER/COMER_rep_0_140849.npy,60,54.0,1.0,0,1.0,0.0,1.0,0.0,1.0,ACCEPT,False,original
NO,data/raw_videos/NO/NO_rep_0_154517.mp4,data/landmarks/NO/NO_rep_0_154517_aug_0.npy,data/landmarks_hands_only/NO/NO_rep_0_154517_aug_0.npy,60,50.5,0.8333333333333334,0,0.8333333333333334,0.0,0.8333333333333334,0.1666666666666666,0.925925925925926,ACCEPT,True,temporal_warp+spatial_scale+gaussian_noise
POR_FAVOR,data/raw_videos/POR_FAVOR/POR_FAVOR_rep_2_120748.mp4,data/landmarks/POR_FAVOR/POR_FAVOR_rep_2_120748.npy,data/landmarks_hands_only/POR_FAVOR/POR_FAVOR_rep_2_120748.npy,60,53.65,0.9833333333333332,0,0.9833333333333332,0.0,0.9833333333333332,0.0166666666666666,0.9925925925925926,ACCEPT,False,original
SI,data/raw_videos/SI/SI_rep_0_111257.mp4,data/landmarks/SI/SI_rep_0_111257.npy,data/landmarks_hands_only/SI/SI_rep_0_111257.npy,60,54.0,1.0,0,1.0,0.0,1.0,0.0,1.0,ACCEPT,False,original
HOLA,data/raw_videos/HOLA/HOLA_rep_2_114320.mp4,data/landmarks/HOLA/HOLA_rep_2_114320_aug_0.npy,data/landmarks_hands_only/HOLA/HOLA_rep_2_114320_aug_0.npy,60,53.3,0.9666666666666668,0,0.9666666666666668,0.0,0.9666666666666668,0.0333333333333333,0.9851851851851852,ACCEPT,True,temporal_warp+spatial_scale+gaussian_noise
HOLA,data/raw_videos/HOLA/HOLA_rep_2_121630.mp4,data/landmarks/HOLA/HOLA_rep_2_121630.npy,data/landmarks_hands_only/HOLA/HOLA_rep_2_121630.npy,60,52.95,0.95,0,0.95,0.0,0.95,0.05,0.977777777777778,ACCEPT,False,original
TU,data/raw_videos/TU/TU_rep_0_111413.mp4,data/landmarks/TU/TU_rep_0_111413.npy,data/landmarks_hands_only/TU/TU_rep_0_111413.npy,60,54.0,1.0,0,1.0,0.0,1.0,0.0,1.0,ACCEPT,False,original
AYUDA,data/raw_videos/AYUDA/AYUDA_rep_0_120606 copy.mp4,data/landmarks/AYUDA/AYUDA_rep_0_120606 copy.npy,data/landmarks_hands_only/AYUDA/AYUDA_rep_0_120606 copy.npy,60,75.0,1.0,0,2.0,1.0,0.0,0.0,1.0,ACCEPT,False,original
AYUDA,data/raw_videos/AYUDA/AYUDA_rep_0_120606.mp4,data/landmarks/AYUDA/AYUDA_rep_0_120606.npy,data/landmarks_hands_only/AYUDA/AYUDA_rep_0_120606.npy,60,74.65,1.0,0,1.9833333333333336,0.9833333333333332,0.0166666666666666,0.0,0.9955833333333334,ACCEPT,False,original
GRACIAS,data/raw_videos/GRACIAS/GRACIAS_rep_3_113626.mp4,data/landmarks/GRACIAS/GRACIAS_rep_3_113626.npy,data/landmarks_hands_only/GRACIAS/GRACIAS_rep_3_113626.npy,60,73.95,0.9833333333333332,0,1.95,0.9666666666666668,0.0166666666666666,0.0166666666666666,0.98675,ACCEPT,False,original
COMER,data/raw_videos/COMER/COMER_rep_2_140709.mp4,data/landmarks/COMER/COMER_rep_2_140709_aug_0.npy,data/landmarks_hands_only/COMER/COMER_rep_2_140709_aug_0.npy,60,54.0,1.0,0,1.0,0.0,1.0,0.0,1.0,ACCEPT,True,temporal_warp+spatial_scale+gaussian_noise
TU,data/raw_videos/TU/TU_rep_3_111704.mp4,data/landmarks/TU/TU_rep_3_111704.npy,data/landmarks_hands_only/TU/TU_rep_3_111704.npy,60,52.95,0.95,0,0.95,0.0,0.95,0.05,0.977777777777778,ACCEPT,False,original
COMER,data/raw_videos/COMER/COMER_rep_0_115728.mp4,data/landmarks/COMER/COMER_rep_0_115728_aug_0.npy,data/landmarks_hands_only/COMER/COMER_rep_0_115728_aug_0.npy,60,54.0,1.0,0,1.0,0.0,1.0,0.0,1.0,ACCEPT,True,temporal_warp+spatial_scale+gaussian_noise
BANIO,data/raw_videos/BANIO/BANIO_rep_3_105150.mp4,data/landmarks/BANIO/BANIO_rep_3_105150.npy,data/landmarks_hands_only/BANIO/BANIO_rep_3_105150.npy,60,54.0,1.0,0,1.0,0.0,1.0,0.0,1.0,ACCEPT,False,original
AYUDA,data/raw_videos/AYUDA/AYUDA_rep_0_120525 copy.mp4,data/landmarks/AYUDA/AYUDA_rep_0_120525 copy_aug_0.npy,data/landmarks_hands_only/AYUDA/AYUDA_rep_0_120525 copy_aug_0.npy,60,73.25,0.9833333333333332,0,1.9166666666666667,0.9333333333333332,0.05,0.0166666666666666,0.9779166666666664,ACCEPT,True,temporal_warp+spatial_scale+gaussian_noise
SI,data/raw_videos/SI/SI_rep_1_154244.mp4,data/landmarks/SI/SI_rep_1_154244.npy,data/landmarks_hands_only/SI/SI_rep_1_154244.npy,60,50.85,0.85,0,0.85,0.0,0.85,0.15,0.9333333333333332,ACCEPT,False,original
SI,data/raw_videos/SI/SI_rep_0_120235.mp4,data/landmarks/SI/SI_rep_0_120235.npy,data/landmarks_hands_only/SI/SI_rep_0_120235.npy,60,54.7,1.0,0,1.0333333333333334,0.0333333333333333,0.9666666666666668,0.0,1.0,ACCEPT,False,original
POR_FAVOR,data/raw_videos/POR_FAVOR/POR_FAVOR_rep_3_112638.mp4,data/landmarks/POR_FAVOR/POR_FAVOR_rep_3_112638_aug_0.npy,data/landmarks_hands_only/POR_FAVOR/POR_FAVOR_rep_3_112638_aug_0.npy,60,58.2,1.0,0,1.2,0.2,0.8,0.0,1.0,ACCEPT,True,temporal_warp+spatial_scale+gaussian_noise
GRACIAS,data/raw_videos/GRACIAS/GRACIAS_rep_0_121145.mp4,data/landmarks/GRACIAS/GRACIAS_rep_0_121145_aug_0.npy,data/landmarks_hands_only/GRACIAS/GRACIAS_rep_0_121145_aug_0.npy,60,74.65,1.0,0,1.9833333333333336,0.9833333333333332,0.0166666666666666,0.0,0.9955833333333334,ACCEPT,True,temporal_warp+spatial_scale+gaussian_noise
COMER,data/raw_videos/COMER/COMER_rep_1_115809.mp4,data/landmarks/COMER/COMER_rep_1_115809.npy,data/landmarks_hands_only/COMER/COMER_rep_1_115809.npy,60,54.0,1.0,0,1.0,0.0,1.0,0.0,1.0,ACCEPT,False,original
TU,data/raw_videos/TU/TU_rep_0_115207.mp4,data/landmarks/TU/TU_rep_0_115207_aug_0.npy,data/landmarks_hands_only/TU/TU_rep_0_115207_aug_0.npy,60,54.0,1.0,0,1.0,0.0,1.0,0.0,1.0,ACCEPT,True,temporal_warp+spatial_scale+gaussian_noise
SI,data/raw_videos/SI/SI_rep_0_120155.mp4,data/landmarks/SI/SI_rep_0_120155_aug_0.npy,data/landmarks_hands_only/SI/SI_rep_0_120155_aug_0.npy,60,51.9,0.9,0,0.9,0.0,0.9,0.1,0.9555555555555556,ACCEPT,True,temporal_warp+spatial_scale+gaussian_noise
BANIO,data/raw_videos/BANIO/BANIO_rep_1_143855.mp4,data/landmarks/BANIO/BANIO_rep_1_143855.npy,data/landmarks_hands_only/BANIO/BANIO_rep_1_143855.npy,60,52.95,0.95,0,0.95,0.0,0.95,0.05,0.977777777777778,ACCEPT,False,original
TU,data/raw_videos/TU/TU_rep_3_111735.mp4,data/landmarks/TU/TU_rep_3_111735.npy,data/landmarks_hands_only/TU/TU_rep_3_111735.npy,60,53.65,0.9833333333333332,0,0.9833333333333332,0.0,0.9833333333333332,0.0166666666666666,0.9925925925925926,ACCEPT,False,original
SI,data/raw_videos/SI/SI_rep_1_111227.mp4,data/landmarks/SI/SI_rep_1_111227.npy,data/landmarks_hands_only/SI/SI_rep_1_111227.npy,60,54.0,1.0,0,1.0,0.0,1.0,0.0,1.0,ACCEPT,False,original
BANIO,data/raw_videos/BANIO/BANIO_rep_1_143742.mp4,data/landmarks/BANIO/BANIO_rep_1_143742.npy,data/landmarks_hands_only/BANIO/BANIO_rep_1_143742.npy,60,52.6,0.9333333333333332,0,0.9333333333333332,0.0,0.9333333333333332,0.0666666666666666,0.9703703703703704,ACCEPT,False,original
TU,data/raw_videos/TU/TU_rep_0_115109.mp4,data/landmarks/TU/TU_rep_0_115109_aug_0.npy,data/landmarks_hands_only/TU/TU_rep_0_115109_aug_0.npy,60,53.3,0.9666666666666668,0,0.9666666666666668,0.0,0.9666666666666668,0.0333333333333333,0.9851851851851852,ACCEPT,True,temporal_warp+spatial_scale+gaussian_noise
BANIO,data/raw_videos/BANIO/BANIO_rep_1_105137.mp4,data/landmarks/BANIO/BANIO_rep_1_105137.npy,data/landmarks_hands_only/BANIO/BANIO_rep_1_105137.npy,60,54.0,1.0,0,1.0,0.0,1.0,0.0,1.0,ACCEPT,False,original
YO,data/raw_videos/YO/YO_rep_2_112226.mp4,data/landmarks/YO/YO_rep_2_112226_aug_0.npy,data/landmarks_hands_only/YO/YO_rep_2_112226_aug_0.npy,60,52.6,0.9333333333333332,0,0.9333333333333332,0.0,0.9333333333333332,0.0666666666666666,0.9703703703703704,ACCEPT,True,temporal_warp+spatial_scale+gaussian_noise
GRACIAS,data/raw_videos/GRACIAS/GRACIAS_rep_2_113507.mp4,data/landmarks/GRACIAS/GRACIAS_rep_2_113507_aug_0.npy,data/landmarks_hands_only/GRACIAS/GRACIAS_rep_2_113507_aug_0.npy,60,71.5,0.9666666666666668,0,1.8333333333333333,0.8666666666666667,0.1,0.0333333333333333,0.9558333333333332,ACCEPT,True,temporal_warp+spatial_scale+gaussian_noise
HOLA,data/raw_videos/HOLA/HOLA_rep_3_110058.mp4,data/landmarks/HOLA/HOLA_rep_3_110058.npy,data/landmarks_hands_only/HOLA/HOLA_rep_3_110058.npy,60,54.0,1.0,0,1.0,0.0,1.0,0.0,1.0,ACCEPT,False,original
AYUDA,data/raw_videos/AYUDA/AYUDA_rep_0_120606.mp4,data/landmarks/AYUDA/AYUDA_rep_0_120606_aug_0.npy,data/landmarks_hands_only/AYUDA/AYUDA_rep_0_120606_aug_0.npy,60,74.65,1.0,0,1.9833333333333336,0.9833333333333332,0.0166666666666666,0.0,0.9955833333333334,ACCEPT,True,temporal_warp+spatial_scale+gaussian_noise
AYUDA,data/raw_videos/AYUDA/AYUDA_rep_0_143315.mp4,data/landmarks/AYUDA/AYUDA_rep_0_143315.npy,data/landmarks_hands_only/AYUDA/AYUDA_rep_0_143315.npy,60,74.65,1.0,0,1.9833333333333336,0.9833333333333332,0.0166666666666666,0.0,0.9955833333333334,ACCEPT,False,original
AYUDA,data/raw_videos/AYUDA/AYUDA_rep_0_120525 copy.mp4,data/landmarks/AYUDA/AYUDA_rep_0_120525 copy.npy,data/landmarks_hands_only/AYUDA/AYUDA_rep_0_120525 copy.npy,60,73.25,0.9833333333333332,0,1.9166666666666667,0.9333333333333332,0.05,0.0166666666666666,0.9779166666666664,ACCEPT,False,original
AYUDA,data/raw_videos/AYUDA/AYUDA_rep_1_114036.mp4,data/landmarks/AYUDA/AYUDA_rep_1_114036.npy,data/landmarks_hands_only/AYUDA/AYUDA_rep_1_114036.npy,60,74.65,1.0,0,1.9833333333333336,0.9833333333333332,0.0166666666666666,0.0,0.9955833333333334,ACCEPT,False,original
TU,data/raw_videos/TU/TU_rep_1_115115.mp4,data/landmarks/TU/TU_rep_1_115115_aug_0.npy,data/landmarks_hands_only/TU/TU_rep_1_115115_aug_0.npy,60,54.0,1.0,0,1.0,0.0,1.0,0.0,1.0,ACCEPT,True,temporal_warp+spatial_scale+gaussian_noise
YO,data/raw_videos/YO/YO_rep_2_112032.mp4,data/landmarks/YO/YO_rep_2_112032_aug_0.npy,data/landmarks_hands_only/YO/YO_rep_2_112032_aug_0.npy,60,53.3,0.9666666666666668,0,0.9666666666666668,0.0,0.9666666666666668,0.0333333333333333,0.9851851851851852,ACCEPT,True,temporal_warp+spatial_scale+gaussian_noise
POR_FAVOR,data/raw_videos/POR_FAVOR/POR_FAVOR_rep_2_120748.mp4,data/landmarks/POR_FAVOR/POR_FAVOR_rep_2_120748_aug_0.npy,data/landmarks_hands_only/POR_FAVOR/POR_FAVOR_rep_2_120748_aug_0.npy,60,53.65,0.9833333333333332,0,0.9833333333333332,0.0,0.9833333333333332,0.0166666666666666,0.9925925925925926,ACCEPT,True,temporal_warp+spatial_scale+gaussian_noise
AYUDA,data/raw_videos/AYUDA/AYUDA_rep_1_120501 copy.mp4,data/landmarks/AYUDA/AYUDA_rep_1_120501 copy.npy,data/landmarks_hands_only/AYUDA/AYUDA_rep_1_120501 copy.npy,60,74.3,1.0,0,1.9666666666666663,0.9666666666666668,0.0333333333333333,0.0,0.9911666666666666,ACCEPT,False,original
AYUDA,data/raw_videos/AYUDA/AYUDA_rep_2_114312.mp4,data/landmarks/AYUDA/AYUDA_rep_2_114312_aug_0.npy,data/landmarks_hands_only/AYUDA/AYUDA_rep_2_114312_aug_0.npy,60,73.6,0.9666666666666668,0,1.9333333333333331,0.9666666666666668,0.0,0.0333333333333333,0.9823333333333332,ACCEPT,True,temporal_warp+spatial_scale+gaussian_noise
GRACIAS,data/raw_videos/GRACIAS/GRACIAS_rep_1_113645.mp4,data/landmarks/GRACIAS/GRACIAS_rep_1_113645_aug_0.npy,data/landmarks_hands_only/GRACIAS/GRACIAS_rep_1_113645_aug_0.npy,60,73.25,0.9666666666666668,0,1.9166666666666667,0.95,0.0166666666666666,0.0333333333333333,0.9779166666666668,ACCEPT,True,temporal_warp+spatial_scale+gaussian_noise
TU,data/raw_videos/TU/TU_rep_0_111638.mp4,data/landmarks/TU/TU_rep_0_111638_aug_0.npy,data/landmarks_hands_only/TU/TU_rep_0_111638_aug_0.npy,60,52.6,0.9333333333333332,0,0.9333333333333332,0.0,0.9333333333333332,0.0666666666666666,0.9703703703703704,ACCEPT,True,temporal_warp+spatial_scale+gaussian_noise
POR_FAVOR,data/raw_videos/POR_FAVOR/POR_FAVOR_rep_0_124137.mp4,data/landmarks/POR_FAVOR/POR_FAVOR_rep_0_124137_aug_0.npy,data/landmarks_hands_only/POR_FAVOR/POR_FAVOR_rep_0_124137_aug_0.npy,60,54.0,1.0,0,1.0,0.0,1.0,0.0,1.0,ACCEPT,True,temporal_warp+spatial_scale+gaussian_noise
AYUDA,data/raw_videos/AYUDA/AYUDA_rep_2_120619.mp4,data/landmarks/AYUDA/AYUDA_rep_2_120619_aug_0.npy,data/landmarks_hands_only/AYUDA/AYUDA_rep_2_120619_aug_0.npy,60,74.65,1.0,0,1.9833333333333336,0.9833333333333332,0.0166666666666666,0.0,0.9955833333333334,ACCEPT,True,temporal_warp+spatial_scale+gaussian_noise
COMER,data/raw_videos/COMER/COMER_rep_2_105823.mp4,data/landmarks/COMER/COMER_rep_2_105823.npy,data/landmarks_hands_only/COMER/COMER_rep_2_105823.npy,60,54.0,1.0,0,1.0,0.0,1.0,0.0,1.0,ACCEPT,False,original
GRACIAS,data/raw_videos/GRACIAS/GRACIAS_rep_3_113716.mp4,data/landmarks/GRACIAS/GRACIAS_rep_3_113716.npy,data/landmarks_hands_only/GRACIAS/GRACIAS_rep_3_113716.npy,60,72.55,0.95,0,1.8833333333333333,0.9333333333333332,0.0166666666666666,0.05,0.9690833333333332,ACCEPT,False,original
AYUDA,data/raw_videos/AYUDA/AYUDA_rep_1_143220.mp4,data/landmarks/AYUDA/AYUDA_rep_1_143220.npy,data/landmarks_hands_only/AYUDA/AYUDA_rep_1_143220.npy,60,72.9,1.0,0,1.9,0.9,0.1,0.0,0.9735,ACCEPT,False,original
BANIO,data/raw_videos/BANIO/BANIO_rep_3_105150.mp4,data/landmarks/BANIO/BANIO_rep_3_105150_aug_0.npy,data/landmarks_hands_only/BANIO/BANIO_rep_3_105150_aug_0.npy,60,54.0,1.0,0,1.0,0.0,1.0,0.0,1.0,ACCEPT,True,temporal_warp+spatial_scale+gaussian_noise
SI,data/raw_videos/SI/SI_rep_1_154244.mp4,data/landmarks/SI/SI_rep_1_154244_aug_0.npy,data/landmarks_hands_only/SI/SI_rep_1_154244_aug_0.npy,60,50.85,0.85,0,0.85,0.0,0.85,0.15,0.9333333333333332,ACCEPT,True,temporal_warp+spatial_scale+gaussian_noise
TU,data/raw_videos/TU/TU_rep_0_115109.mp4,data/landmarks/TU/TU_rep_0_115109.npy,data/landmarks_hands_only/TU/TU_rep_0_115109.npy,60,53.3,0.9666666666666668,0,0.9666666666666668,0.0,0.9666666666666668,0.0333333333333333,0.9851851851851852,ACCEPT,False,original
GRACIAS,data/raw_videos/GRACIAS/GRACIAS_rep_3_123848.mp4,data/landmarks/GRACIAS/GRACIAS_rep_3_123848_aug_0.npy,data/landmarks_hands_only/GRACIAS/GRACIAS_rep_3_123848_aug_0.npy,60,73.6,1.0,0,1.9333333333333331,0.9333333333333332,0.0666666666666666,0.0,0.9823333333333332,ACCEPT,True,temporal_warp+spatial_scale+gaussian_noise
AYUDA,data/raw_videos/AYUDA/AYUDA_rep_2_114312 copy.mp4,data/landmarks/AYUDA/AYUDA_rep_2_114312 copy_aug_0.npy,data/landmarks_hands_only/AYUDA/AYUDA_rep_2_114312 copy_aug_0.npy,60,73.6,0.9666666666666668,0,1.9333333333333331,0.9666666666666668,0.0,0.0333333333333333,0.9823333333333332,ACCEPT,True,temporal_warp+spatial_scale+gaussian_noise
GRACIAS,data/raw_videos/GRACIAS/GRACIAS_rep_2_123841.mp4,data/landmarks/GRACIAS/GRACIAS_rep_2_123841_aug_0.npy,data/landmarks_hands_only/GRACIAS/GRACIAS_rep_2_123841_aug_0.npy,60,73.95,1.0,0,1.95,0.95,0.05,0.0,0.98675,ACCEPT,True,temporal_warp+spatial_scale+gaussian_noise
SI,data/raw_videos/SI/SI_rep_2_154202.mp4,data/landmarks/SI/SI_rep_2_154202_aug_0.npy,data/landmarks_hands_only/SI/SI_rep_2_154202_aug_0.npy,60,51.55,0.8833333333333333,0,0.8833333333333333,0.0,0.8833333333333333,0.1166666666666666,0.948148148148148,ACCEPT,True,temporal_warp+spatial_scale+gaussian_noise
SI,data/raw_videos/SI/SI_rep_0_154129.mp4,data/landmarks/SI/SI_rep_0_154129_aug_0.npy,data/landmarks_hands_only/SI/SI_rep_0_154129_aug_0.npy,60,50.85,0.85,0,0.85,0.0,0.85,0.15,0.9333333333333332,ACCEPT,True,temporal_warp+spatial_scale+gaussian_noise
TU,data/raw_videos/TU/TU_rep_0_125759.mp4,data/landmarks/TU/TU_rep_0_125759_aug_0.npy,data/landmarks_hands_only/TU/TU_rep_0_125759_aug_0.npy,60,51.55,0.8833333333333333,0,0.8833333333333333,0.0,0.8833333333333333,0.1166666666666666,0.948148148148148,ACCEPT,True,temporal_warp+spatial_scale+gaussian_noise
AYUDA,data/raw_videos/AYUDA/AYUDA_rep_2_120507.mp4,data/landmarks/AYUDA/AYUDA_rep_2_120507.npy,data/landmarks_hands_only/AYUDA/AYUDA_rep_2_120507.npy,60,75.0,1.0,0,2.0,1.0,0.0,0.0,1.0,ACCEPT,False,original
NO,data/raw_videos/NO/NO_rep_2_110354.mp4,data/landmarks/NO/NO_rep_2_110354.npy,data/landmarks_hands_only/NO/NO_rep_2_110354.npy,60,54.0,1.0,0,1.0,0.0,1.0,0.0,1.0,ACCEPT,False,original
TU,data/raw_videos/TU/TU_rep_1_111503.mp4,data/landmarks/TU/TU_rep_1_111503.npy,data/landmarks_hands_only/TU/TU_rep_1_111503.npy,60,51.9,0.9,0,0.9,0.0,0.9,0.1,0.9555555555555556,ACCEPT,False,original
POR_FAVOR,data/raw_videos/POR_FAVOR/POR_FAVOR_rep_1_112714.mp4,data/landmarks/POR_FAVOR/POR_FAVOR_rep_1_112714.npy,data/landmarks_hands_only/POR_FAVOR/POR_FAVOR_rep_1_112714.npy,60,52.95,0.95,0,0.95,0.0,0.95,0.05,0.977777777777778,ACCEPT,False,original
SI,data/raw_videos/SI/SI_rep_1_111303.mp4,data/landmarks/SI/SI_rep_1_111303_aug_0.npy,data/landmarks_hands_only/SI/SI_rep_1_111303_aug_0.npy,60,52.95,0.95,0,0.95,0.0,0.95,0.05,0.977777777777778,ACCEPT,True,temporal_warp+spatial_scale+gaussian_noise
GRACIAS,data/raw_videos/GRACIAS/GRACIAS_rep_0_113638.mp4,data/landmarks/GRACIAS/GRACIAS_rep_0_113638.npy,data/landmarks_hands_only/GRACIAS/GRACIAS_rep_0_113638.npy,60,72.55,0.9666666666666668,0,1.8833333333333333,0.9166666666666666,0.05,0.0333333333333333,0.9690833333333332,ACCEPT,False,original
GRACIAS,data/raw_videos/GRACIAS/GRACIAS_rep_3_113852.mp4,data/landmarks/GRACIAS/GRACIAS_rep_3_113852_aug_0.npy,data/landmarks_hands_only/GRACIAS/GRACIAS_rep_3_113852_aug_0.npy,60,73.6,0.9666666666666668,0,1.9333333333333331,0.9666666666666668,0.0,0.0333333333333333,0.9823333333333332,ACCEPT,True,temporal_warp+spatial_scale+gaussian_noise
GRACIAS,data/raw_videos/GRACIAS/GRACIAS_rep_3_123848.mp4,data/landmarks/GRACIAS/GRACIAS_rep_3_123848.npy,data/landmarks_hands_only/GRACIAS/GRACIAS_rep_3_123848.npy,60,73.6,1.0,0,1.9333333333333331,0.9333333333333332,0.0666666666666666,0.0,0.9823333333333332,ACCEPT,False,original
SI,data/raw_videos/SI/SI_rep_0_110805.mp4,data/landmarks/SI/SI_rep_0_110805.npy,data/landmarks_hands_only/SI/SI_rep_0_110805.npy,60,54.0,1.0,0,1.0,0.0,1.0,0.0,1.0,ACCEPT,False,original
YO,data/raw_videos/YO/YO_rep_0_125332.mp4,data/landmarks/YO/YO_rep_0_125332.npy,data/landmarks_hands_only/YO/YO_rep_0_125332.npy,60,51.2,0.8666666666666667,0,0.8666666666666667,0.0,0.8666666666666667,0.1333333333333333,0.9407407407407408,ACCEPT,False,original
GRACIAS,data/raw_videos/GRACIAS/GRACIAS_rep_1_113601.mp4,data/landmarks/GRACIAS/GRACIAS_rep_1_113601_aug_0.npy,data/landmarks_hands_only/GRACIAS/GRACIAS_rep_1_113601_aug_0.npy,60,72.55,0.9833333333333332,0,1.8833333333333333,0.9,0.0833333333333333,0.0166666666666666,0.9690833333333332,ACCEPT,True,temporal_warp+spatial_scale+gaussian_noise
SI,data/raw_videos/SI/SI_rep_0_154129.mp4,data/landmarks/SI/SI_rep_0_154129.npy,data/landmarks_hands_only/SI/SI_rep_0_154129.npy,60,50.85,0.85,0,0.85,0.0,0.85,0.15,0.9333333333333332,ACCEPT,False,original
COMER,data/raw_videos/COMER/COMER_rep_0_140849.mp4,data/landmarks/COMER/COMER_rep_0_140849_aug_0.npy,data/landmarks_hands_only/COMER/COMER_rep_0_140849_aug_0.npy,60,54.0,1.0,0,1.0,0.0,1.0,0.0,1.0,ACCEPT,True,temporal_warp+spatial_scale+gaussian_noise
NO,data/raw_videos/NO/NO_rep_1_154613.mp4,data/landmarks/NO/NO_rep_1_154613_aug_0.npy,data/landmarks_hands_only/NO/NO_rep_1_154613_aug_0.npy,60,52.6,0.9333333333333332,0,0.9333333333333332,0.0,0.9333333333333332,0.0666666666666666,0.9703703703703704,ACCEPT,True,temporal_warp+spatial_scale+gaussian_noise
COMER,data/raw_videos/COMER/COMER_rep_2_140829.mp4,data/landmarks/COMER/COMER_rep_2_140829.npy,data/landmarks_hands_only/COMER/COMER_rep_2_140829.npy,60,53.65,0.9833333333333332,0,0.9833333333333332,0.0,0.9833333333333332,0.0166666666666666,0.9925925925925926,ACCEPT,False,original
AYUDA,data/raw_videos/AYUDA/AYUDA_rep_3_114108 copy.mp4,data/landmarks/AYUDA/AYUDA_rep_3_114108 copy_aug_0.npy,data/landmarks_hands_only/AYUDA/AYUDA_rep_3_114108 copy_aug_0.npy,60,74.3,1.0,0,1.9666666666666663,0.9666666666666668,0.0333333333333333,0.0,0.9911666666666666,ACCEPT,True,temporal_warp+spatial_scale+gaussian_noise
HOLA,data/raw_videos/HOLA/HOLA_rep_1_110011.mp4,data/landmarks/HOLA/HOLA_rep_1_110011.npy,data/landmarks_hands_only/HOLA/HOLA_rep_1_110011.npy,60,54.0,1.0,0,1.0,0.0,1.0,0.0,1.0,ACCEPT,False,original
HOLA,data/raw_videos/HOLA/HOLA_rep_2_110244.mp4,data/landmarks/HOLA/HOLA_rep_2_110244.npy,data/landmarks_hands_only/HOLA/HOLA_rep_2_110244.npy,60,53.65,0.9833333333333332,0,0.9833333333333332,0.0,0.9833333333333332,0.0166666666666666,0.9925925925925926,ACCEPT,False,original
NO,data/raw_videos/NO/NO_rep_2_120008.mp4,data/landmarks/NO/NO_rep_2_120008.npy,data/landmarks_hands_only/NO/NO_rep_2_120008.npy,60,54.0,1.0,0,1.0,0.0,1.0,0.0,1.0,ACCEPT,False,original
COMER,data/raw_videos/COMER/COMER_rep_1_115809.mp4,data/landmarks/COMER/COMER_rep_1_115809_aug_0.npy,data/landmarks_hands_only/COMER/COMER_rep_1_115809_aug_0.npy,60,54.0,1.0,0,1.0,0.0,1.0,0.0,1.0,ACCEPT,True,temporal_warp+spatial_scale+gaussian_noise
AYUDA,data/raw_videos/AYUDA/AYUDA_rep_0_143213.mp4,data/landmarks/AYUDA/AYUDA_rep_0_143213.npy,data/landmarks_hands_only/AYUDA/AYUDA_rep_0_143213.npy,60,75.0,1.0,0,2.0,1.0,0.0,0.0,1.0,ACCEPT,False,original
SI,data/raw_videos/SI/SI_rep_1_110811.mp4,data/landmarks/SI/SI_rep_1_110811_aug_0.npy,data/landmarks_hands_only/SI/SI_rep_1_110811_aug_0.npy,60,53.65,0.9833333333333332,0,0.9833333333333332,0.0,0.9833333333333332,0.0166666666666666,0.9925925925925926,ACCEPT,True,temporal_warp+spatial_scale+gaussian_noise
BANIO,data/raw_videos/BANIO/BANIO_rep_0_105011.mp4,data/landmarks/BANIO/BANIO_rep_0_105011_aug_0.npy,data/landmarks_hands_only/BANIO/BANIO_rep_0_105011_aug_0.npy,60,53.65,0.9833333333333332,0,0.9833333333333332,0.0,0.9833333333333332,0.0166666666666666,0.9925925925925926,ACCEPT,True,temporal_warp+spatial_scale+gaussian_noise
NO,data/raw_videos/NO/NO_rep_0_154730.mp4,data/landmarks/NO/NO_rep_0_154730_aug_0.npy,data/landmarks_hands_only/NO/NO_rep_0_154730_aug_0.npy,60,51.55,0.8833333333333333,0,0.8833333333333333,0.0,0.8833333333333333,0.1166666666666666,0.948148148148148,ACCEPT,True,temporal_warp+spatial_scale+gaussian_noise
SI,data/raw_videos/SI/SI_rep_0_111257.mp4,data/landmarks/SI/SI_rep_0_111257_aug_0.npy,data/landmarks_hands_only/SI/SI_rep_0_111257_aug_0.npy,60,54.0,1.0,0,1.0,0.0,1.0,0.0,1.0,ACCEPT,True,temporal_warp+spatial_scale+gaussian_noise
NO,data/raw_videos/NO/NO_rep_1_154613.mp4,data/landmarks/NO/NO_rep_1_154613.npy,data/landmarks_hands_only/NO/NO_rep_1_154613.npy,60,52.6,0.9333333333333332,0,0.9333333333333332,0.0,0.9333333333333332,0.0666666666666666,0.9703703703703704,ACCEPT,False,original
YO,data/raw_videos/YO/YO_rep_1_125352.mp4,data/landmarks/YO/YO_rep_1_125352_aug_0.npy,data/landmarks_hands_only/YO/YO_rep_1_125352_aug_0.npy,60,51.2,0.8666666666666667,0,0.8666666666666667,0.0,0.8666666666666667,0.1333333333333333,0.9407407407407408,ACCEPT,True,temporal_warp+spatial_scale+gaussian_noise
HOLA,data/raw_videos/HOLA/HOLA_rep_1_121412.mp4,data/landmarks/HOLA/HOLA_rep_1_121412_aug_0.npy,data/landmarks_hands_only/HOLA/HOLA_rep_1_121412_aug_0.npy,60,51.55,0.8833333333333333,0,0.8833333333333333,0.0,0.8833333333333333,0.1166666666666666,0.948148148148148,ACCEPT,True,temporal_warp+spatial_scale+gaussian_noise
BANIO,data/raw_videos/BANIO/BANIO_rep_3_105430.mp4,data/landmarks/BANIO/BANIO_rep_3_105430.npy,data/landmarks_hands_only/BANIO/BANIO_rep_3_105430.npy,60,52.6,0.9333333333333332,0,0.9333333333333332,0.0,0.9333333333333332,0.0666666666666666,0.9703703703703704,ACCEPT,False,original
SI,data/raw_videos/SI/SI_rep_3_110823.mp4,data/landmarks/SI/SI_rep_3_110823_aug_0.npy,data/landmarks_hands_only/SI/SI_rep_3_110823_aug_0.npy,60,53.3,0.9666666666666668,0,0.9666666666666668,0.0,0.9666666666666668,0.0333333333333333,0.9851851851851852,ACCEPT,True,temporal_warp+spatial_scale+gaussian_noise
POR_FAVOR,data/raw_videos/POR_FAVOR/POR_FAVOR_rep_0_112532.mp4,data/landmarks/POR_FAVOR/POR_FAVOR_rep_0_112532.npy,data/landmarks_hands_only/POR_FAVOR/POR_FAVOR_rep_0_112532.npy,60,53.3,0.9666666666666668,0,0.9666666666666668,0.0,0.9666666666666668,0.0333333333333333,0.9851851851851852,ACCEPT,False,original
AYUDA,data/raw_videos/AYUDA/AYUDA_rep_2_143329.mp4,data/landmarks/AYUDA/AYUDA_rep_2_143329.npy,data/landmarks_hands_only/AYUDA/AYUDA_rep_2_143329.npy,60,73.6,1.0,0,1.9333333333333331,0.9333333333333332,0.0666666666666666,0.0,0.9823333333333332,ACCEPT,False,original
POR_FAVOR,data/raw_videos/POR_FAVOR/POR_FAVOR_rep_1_112900.mp4,data/landmarks/POR_FAVOR/POR_FAVOR_rep_1_112900.npy,data/landmarks_hands_only/POR_FAVOR/POR_FAVOR_rep_1_112900.npy,60,53.65,0.9833333333333332,0,0.9833333333333332,0.0,0.9833333333333332,0.0166666666666666,0.9925925925925926,ACCEPT,False,original
AYUDA,data/raw_videos/AYUDA/AYUDA_rep_0_120606 copy.mp4,data/landmarks/AYUDA/AYUDA_rep_0_120606 copy_aug_0.npy,data/landmarks_hands_only/AYUDA/AYUDA_rep_0_120606 copy_aug_0.npy,60,75.0,1.0,0,2.0,1.0,0.0,0.0,1.0,ACCEPT,True,temporal_warp+spatial_scale+gaussian_noise
POR_FAVOR,data/raw_videos/POR_FAVOR/POR_FAVOR_rep_2_112720.mp4,data/landmarks/POR_FAVOR/POR_FAVOR_rep_2_112720.npy,data/landmarks_hands_only/POR_FAVOR/POR_FAVOR_rep_2_112720.npy,60,53.3,0.9666666666666668,0,0.9666666666666668,0.0,0.9666666666666668,0.0333333333333333,0.9851851851851852,ACCEPT,False,original
COMER,data/raw_videos/COMER/COMER_rep_1_115655.mp4,data/landmarks/COMER/COMER_rep_1_115655_aug_0.npy,data/landmarks_hands_only/COMER/COMER_rep_1_115655_aug_0.npy,60,54.0,1.0,0,1.0,0.0,1.0,0.0,1.0,ACCEPT,True,temporal_warp+spatial_scale+gaussian_noise
NO,data/raw_videos/NO/NO_rep_2_154620.mp4,data/landmarks/NO/NO_rep_2_154620_aug_0.npy,data/landmarks_hands_only/NO/NO_rep_2_154620_aug_0.npy,60,52.95,0.9166666666666666,0,0.95,0.0333333333333333,0.8833333333333333,0.0833333333333333,0.9694444444444446,ACCEPT,True,temporal_warp+spatial_scale+gaussian_noise
SI,data/raw_videos/SI/SI_rep_2_111157.mp4,data/landmarks/SI/SI_rep_2_111157.npy,data/landmarks_hands_only/SI/SI_rep_2_111157.npy,60,53.3,0.9666666666666668,0,0.9666666666666668,0.0,0.9666666666666668,0.0333333333333333,0.9851851851851852,ACCEPT,False,original
AYUDA,data/raw_videos/AYUDA/AYUDA_rep_0_114011.mp4,data/landmarks/AYUDA/AYUDA_rep_0_114011_aug_0.npy,data/landmarks_hands_only/AYUDA/AYUDA_rep_0_114011_aug_0.npy,60,75.0,1.0,0,2.0,1.0,0.0,0.0,1.0,ACCEPT,True,temporal_warp+spatial_scale+gaussian_noise
YO,data/raw_videos/YO/YO_rep_1_114919.mp4,data/landmarks/YO/YO_rep_1_114919_aug_0.npy,data/landmarks_hands_only/YO/YO_rep_1_114919_aug_0.npy,60,52.6,0.9333333333333332,0,0.9333333333333332,0.0,0.9333333333333332,0.0666666666666666,0.9703703703703704,ACCEPT,True,temporal_warp+spatial_scale+gaussian_noise
BANIO,data/raw_videos/BANIO/BANIO_rep_2_115541.mp4,data/landmarks/BANIO/BANIO_rep_2_115541.npy,data/landmarks_hands_only/BANIO/BANIO_rep_2_115541.npy,60,52.6,0.9333333333333332,0,0.9333333333333332,0.0,0.9333333333333332,0.0666666666666666,0.9703703703703704,ACCEPT,False,original
SI,data/raw_videos/SI/SI_rep_0_154328.mp4,data/landmarks/SI/SI_rep_0_154328_aug_0.npy,data/landmarks_hands_only/SI/SI_rep_0_154328_aug_0.npy,60,51.55,0.8833333333333333,0,0.8833333333333333,0.0,0.8833333333333333,0.1166666666666666,0.948148148148148,ACCEPT,True,temporal_warp+spatial_scale+gaussian_noise
AYUDA,data/raw_videos/AYUDA/AYUDA_rep_1_120501 copy.mp4,data/landmarks/AYUDA/AYUDA_rep_1_120501 copy_aug_0.npy,data/landmarks_hands_only/AYUDA/AYUDA_rep_1_120501 copy_aug_0.npy,60,74.3,1.0,0,1.9666666666666663,0.9666666666666668,0.0333333333333333,0.0,0.9911666666666666,ACCEPT,True,temporal_warp+spatial_scale+gaussian_noise
AYUDA,data/raw_videos/AYUDA/AYUDA_rep_3_114108.mp4,data/landmarks/AYUDA/AYUDA_rep_3_114108_aug_0.npy,data/landmarks_hands_only/AYUDA/AYUDA_rep_3_114108_aug_0.npy,60,74.65,1.0,0,1.9833333333333336,0.9833333333333332,0.0166666666666666,0.0,0.9955833333333334,ACCEPT,True,temporal_warp+spatial_scale+gaussian_noise
YO,data/raw_videos/YO/YO_rep_0_125200.mp4,data/landmarks/YO/YO_rep_0_125200_aug_0.npy,data/landmarks_hands_only/YO/YO_rep_0_125200_aug_0.npy,60,51.55,0.8833333333333333,0,0.8833333333333333,0.0,0.8833333333333333,0.1166666666666666,0.948148148148148,ACCEPT,True,temporal_warp+spatial_scale+gaussian_noise
SI,data/raw_videos/SI/SI_rep_2_120300.mp4,data/landmarks/SI/SI_rep_2_120300.npy,data/landmarks_hands_only/SI/SI_rep_2_120300.npy,60,53.3,0.9666666666666668,0,0.9666666666666668,0.0,0.9666666666666668,0.0333333333333333,0.9851851851851852,ACCEPT,False,original
NO,data/raw_videos/NO/NO_rep_1_115926.mp4,data/landmarks/NO/NO_rep_1_115926.npy,data/landmarks_hands_only/NO/NO_rep_1_115926.npy,60,54.0,1.0,0,1.0,0.0,1.0,0.0,1.0,ACCEPT,False,original
COMER,data/raw_videos/COMER/COMER_rep_1_105711.mp4,data/landmarks/COMER/COMER_rep_1_105711_aug_0.npy,data/landmarks_hands_only/COMER/COMER_rep_1_105711_aug_0.npy,60,53.3,0.9666666666666668,0,0.9666666666666668,0.0,0.9666666666666668,0.0333333333333333,0.9851851851851852,ACCEPT,True,temporal_warp+spatial_scale+gaussian_noise
YO,data/raw_videos/YO/YO_rep_1_114855.mp4,data/landmarks/YO/YO_rep_1_114855.npy,data/landmarks_hands_only/YO/YO_rep_1_114855.npy,60,54.0,1.0,0,1.0,0.0,1.0,0.0,1.0,ACCEPT,False,original
TU,data/raw_videos/TU/TU_rep_2_115121.mp4,data/landmarks/TU/TU_rep_2_115121_aug_0.npy,data/landmarks_hands_only/TU/TU_rep_2_115121_aug_0.npy,60,54.0,1.0,0,1.0,0.0,1.0,0.0,1.0,ACCEPT,True,temporal_warp+spatial_scale+gaussian_noise
HOLA,data/raw_videos/HOLA/HOLA_rep_0_114603.mp4,data/landmarks/HOLA/HOLA_rep_0_114603.npy,data/landmarks_hands_only/HOLA/HOLA_rep_0_114603.npy,60,53.65,0.9833333333333332,0,0.9833333333333332,0.0,0.9833333333333332,0.0166666666666666,0.9925925925925926,ACCEPT,False,original
SI,data/raw_videos/SI/SI_rep_1_154135.mp4,data/landmarks/SI/SI_rep_1_154135_aug_0.npy,data/landmarks_hands_only/SI/SI_rep_1_154135_aug_0.npy,60,52.25,0.9166666666666666,0,0.9166666666666666,0.0,0.9166666666666666,0.0833333333333333,0.962962962962963,ACCEPT,True,temporal_warp+spatial_scale+gaussian_noise
AYUDA,data/raw_videos/AYUDA/AYUDA_rep_2_114055 copy.mp4,data/landmarks/AYUDA/AYUDA_rep_2_114055 copy.npy,data/landmarks_hands_only/AYUDA/AYUDA_rep_2_114055 copy.npy,60,75.0,1.0,0,2.0,1.0,0.0,0.0,1.0,ACCEPT,False,original
COMER,data/raw_videos/COMER/COMER_rep_0_105734.mp4,data/landmarks/COMER/COMER_rep_0_105734_aug_0.npy,data/landmarks_hands_only/COMER/COMER_rep_0_105734_aug_0.npy,60,52.25,0.9166666666666666,0,0.9166666666666666,0.0,0.9166666666666666,0.0833333333333333,0.962962962962963,ACCEPT,True,temporal_warp+spatial_scale+gaussian_noise
GRACIAS,data/raw_videos/GRACIAS/GRACIAS_rep_0_121216.mp4,data/landmarks/GRACIAS/GRACIAS_rep_0_121216_aug_0.npy,data/landmarks_hands_only/GRACIAS/GRACIAS_rep_0_121216_aug_0.npy,60,75.0,1.0,0,2.0,1.0,0.0,0.0,1.0,ACCEPT,True,temporal_warp+spatial_scale+gaussian_noise
NO,data/raw_videos/NO/NO_rep_1_115955.mp4,data/landmarks/NO/NO_rep_1_115955.npy,data/landmarks_hands_only/NO/NO_rep_1_115955.npy,60,52.25,0.9166666666666666,0,0.9166666666666666,0.0,0.9166666666666666,0.0833333333333333,0.962962962962963,ACCEPT,False,original
GRACIAS,data/raw_videos/GRACIAS/GRACIAS_rep_3_113716.mp4,data/landmarks/GRACIAS/GRACIAS_rep_3_113716_aug_0.npy,data/landmarks_hands_only/GRACIAS/GRACIAS_rep_3_113716_aug_0.npy,60,72.55,0.95,0,1.8833333333333333,0.9333333333333332,0.0166666666666666,0.05,0.9690833333333332,ACCEPT,True,temporal_warp+spatial_scale+gaussian_noise
COMER,data/raw_videos/COMER/COMER_rep_1_140822.mp4,data/landmarks/COMER/COMER_rep_1_140822.npy,data/landmarks_hands_only/COMER/COMER_rep_1_140822.npy,60,54.0,1.0,0,1.0,0.0,1.0,0.0,1.0,ACCEPT,False,original
YO,data/raw_videos/YO/YO_rep_2_112226.mp4,data/landmarks/YO/YO_rep_2_112226.npy,data/landmarks_hands_only/YO/YO_rep_2_112226.npy,60,52.6,0.9333333333333332,0,0.9333333333333332,0.0,0.9333333333333332,0.0666666666666666,0.9703703703703704,ACCEPT,False,original
GRACIAS,data/raw_videos/GRACIAS/GRACIAS_rep_2_121029.mp4,data/landmarks/GRACIAS/GRACIAS_rep_2_121029_aug_0.npy,data/landmarks_hands_only/GRACIAS/GRACIAS_rep_2_121029_aug_0.npy,60,75.0,1.0,0,2.0,1.0,0.0,0.0,1.0,ACCEPT,True,temporal_warp+spatial_scale+gaussian_noise
YO,data/raw_videos/YO/YO_rep_3_112119.mp4,data/landmarks/YO/YO_rep_3_112119.npy,data/landmarks_hands_only/YO/YO_rep_3_112119.npy,60,52.6,0.9333333333333332,0,0.9333333333333332,0.0,0.9333333333333332,0.0666666666666666,0.9703703703703704,ACCEPT,False,original
GRACIAS,data/raw_videos/GRACIAS/GRACIAS_rep_2_123535.mp4,data/landmarks/GRACIAS/GRACIAS_rep_2_123535_aug_0.npy,data/landmarks_hands_only/GRACIAS/GRACIAS_rep_2_123535_aug_0.npy,60,74.65,1.0,0,1.9833333333333336,0.9833333333333332,0.0166666666666666,0.0,0.9955833333333334,ACCEPT,True,temporal_warp+spatial_scale+gaussian_noise
POR_FAVOR,data/raw_videos/POR_FAVOR/POR_FAVOR_rep_2_124452.mp4,data/landmarks/POR_FAVOR/POR_FAVOR_rep_2_124452.npy,data/landmarks_hands_only/POR_FAVOR/POR_FAVOR_rep_2_124452.npy,60,53.65,0.9833333333333332,0,0.9833333333333332,0.0,0.9833333333333332,0.0166666666666666,0.9925925925925926,ACCEPT,False,original
YO,data/raw_videos/YO/YO_rep_1_112144.mp4,data/landmarks/YO/YO_rep_1_112144.npy,data/landmarks_hands_only/YO/YO_rep_1_112144.npy,60,53.65,0.9833333333333332,0,0.9833333333333332,0.0,0.9833333333333332,0.0166666666666666,0.9925925925925926,ACCEPT,False,original
AYUDA,data/raw_videos/AYUDA/AYUDA_rep_3_120625.mp4,data/landmarks/AYUDA/AYUDA_rep_3_120625.npy,data/landmarks_hands_only/AYUDA/AYUDA_rep_3_120625.npy,60,73.25,1.0,0,1.9166666666666667,0.9166666666666666,0.0833333333333333,0.0,0.9779166666666664,ACCEPT,False,original
GRACIAS,data/raw_videos/GRACIAS/GRACIAS_rep_2_121158.mp4,data/landmarks/GRACIAS/GRACIAS_rep_2_121158_aug_0.npy,data/landmarks_hands_only/GRACIAS/GRACIAS_rep_2_121158_aug_0.npy,60,73.6,0.9833333333333332,0,1.9333333333333331,0.95,0.0333333333333333,0.0166666666666666,0.9823333333333332,ACCEPT,True,temporal_warp+spatial_scale+gaussian_noise
BANIO,data/raw_videos/BANIO/BANIO_rep_1_105508.mp4,data/landmarks/BANIO/BANIO_rep_1_105508_aug_0.npy,data/landmarks_hands_only/BANIO/BANIO_rep_1_105508_aug_0.npy,60,52.95,0.95,0,0.95,0.0,0.95,0.05,0.977777777777778,ACCEPT,True,temporal_warp+spatial_scale+gaussian_noise
YO,data/raw_videos/YO/YO_rep_1_112026.mp4,data/landmarks/YO/YO_rep_1_112026.npy,data/landmarks_hands_only/YO/YO_rep_1_112026.npy,60,52.6,0.9333333333333332,0,0.9333333333333332,0.0,0.9333333333333332,0.0666666666666666,0.9703703703703704,ACCEPT,False,original
BANIO,data/raw_videos/BANIO/BANIO_rep_1_105137.mp4,data/landmarks/BANIO/BANIO_rep_1_105137_aug_0.npy,data/landmarks_hands_only/BANIO/BANIO_rep_1_105137_aug_0.npy,60,54.0,1.0,0,1.0,0.0,1.0,0.0,1.0,ACCEPT,True,temporal_warp+spatial_scale+gaussian_noise
BANIO,data/raw_videos/BANIO/BANIO_rep_1_105508.mp4,data/landmarks/BANIO/BANIO_rep_1_105508.npy,data/landmarks_hands_only/BANIO/BANIO_rep_1_105508.npy,60,52.95,0.95,0,0.95,0.0,0.95,0.05,0.977777777777778,ACCEPT,False,original
POR_FAVOR,data/raw_videos/POR_FAVOR/POR_FAVOR_rep_2_120822.mp4,data/landmarks/POR_FAVOR/POR_FAVOR_rep_2_120822_aug_0.npy,data/landmarks_hands_only/POR_FAVOR/POR_FAVOR_rep_2_120822_aug_0.npy,60,51.55,0.8833333333333333,0,0.8833333333333333,0.0,0.8833333333333333,0.1166666666666666,0.948148148148148,ACCEPT,True,temporal_warp+spatial_scale+gaussian_noise
SI,data/raw_videos/SI/SI_rep_3_111246.mp4,data/landmarks/SI/SI_rep_3_111246_aug_0.npy,data/landmarks_hands_only/SI/SI_rep_3_111246_aug_0.npy,60,53.3,0.9666666666666668,0,0.9666666666666668,0.0,0.9666666666666668,0.0333333333333333,0.9851851851851852,ACCEPT,True,temporal_warp+spatial_scale+gaussian_noise
COMER,data/raw_videos/COMER/COMER_rep_2_140755.mp4,data/landmarks/COMER/COMER_rep_2_140755_aug_0.npy,data/landmarks_hands_only/COMER/COMER_rep_2_140755_aug_0.npy,60,53.3,0.9666666666666668,0,0.9666666666666668,0.0,0.9666666666666668,0.0333333333333333,0.9851851851851852,ACCEPT,True,temporal_warp+spatial_scale+gaussian_noise
COMER,data/raw_videos/COMER/COMER_rep_2_115701.mp4,data/landmarks/COMER/COMER_rep_2_115701_aug_0.npy,data/landmarks_hands_only/COMER/COMER_rep_2_115701_aug_0.npy,60,54.0,1.0,0,1.0,0.0,1.0,0.0,1.0,ACCEPT,True,temporal_warp+spatial_scale+gaussian_noise
AYUDA,data/raw_videos/AYUDA/AYUDA_rep_1_114036.mp4,data/landmarks/AYUDA/AYUDA_rep_1_114036_aug_0.npy,data/landmarks_hands_only/AYUDA/AYUDA_rep_1_114036_aug_0.npy,60,74.65,1.0,0,1.9833333333333336,0.9833333333333332,0.0166666666666666,0.0,0.9955833333333334,ACCEPT,True,temporal_warp+spatial_scale+gaussian_noise
BANIO,data/raw_videos/BANIO/BANIO_rep_0_105100.mp4,data/landmarks/BANIO/BANIO_rep_0_105100.npy,data/landmarks_hands_only/BANIO/BANIO_rep_0_105100.npy,60,54.0,1.0,0,1.0,0.0,1.0,0.0,1.0,ACCEPT,False,original
POR_FAVOR,data/raw_videos/POR_FAVOR/POR_FAVOR_rep_0_124251.mp4,data/landmarks/POR_FAVOR/POR_FAVOR_rep_0_124251.npy,data/landmarks_hands_only/POR_FAVOR/POR_FAVOR_rep_0_124251.npy,60,52.6,0.9333333333333332,0,0.9333333333333332,0.0,0.9333333333333332,0.0666666666666666,0.9703703703703704,ACCEPT,False,original
POR_FAVOR,data/raw_videos/POR_FAVOR/POR_FAVOR_rep_2_124150.mp4,data/landmarks/POR_FAVOR/POR_FAVOR_rep_2_124150_aug_0.npy,data/landmarks_hands_only/POR_FAVOR/POR_FAVOR_rep_2_124150_aug_0.npy,60,54.0,1.0,0,1.0,0.0,1.0,0.0,1.0,ACCEPT,True,temporal_warp+spatial_scale+gaussian_noise
POR_FAVOR,data/raw_videos/POR_FAVOR/POR_FAVOR_rep_3_112913.mp4,data/landmarks/POR_FAVOR/POR_FAVOR_rep_3_112913.npy,data/landmarks_hands_only/POR_FAVOR/POR_FAVOR_rep_3_112913.npy,60,53.65,0.9833333333333332,0,0.9833333333333332,0.0,0.9833333333333332,0.0166666666666666,0.9925925925925926,ACCEPT,False,original
GRACIAS,data/raw_videos/GRACIAS/GRACIAS_rep_0_113638.mp4,data/landmarks/GRACIAS/GRACIAS_rep_0_113638_aug_0.npy,data/landmarks_hands_only/GRACIAS/GRACIAS_rep_0_113638_aug_0.npy,60,72.55,0.9666666666666668,0,1.8833333333333333,0.9166666666666666,0.05,0.0333333333333333,0.9690833333333332,ACCEPT,True,temporal_warp+spatial_scale+gaussian_noise
TU,data/raw_videos/TU/TU_rep_3_111735.mp4,data/landmarks/TU/TU_rep_3_111735_aug_0.npy,data/landmarks_hands_only/TU/TU_rep_3_111735_aug_0.npy,60,53.65,0.9833333333333332,0,0.9833333333333332,0.0,0.9833333333333332,0.0166666666666666,0.9925925925925926,ACCEPT,True,temporal_warp+spatial_scale+gaussian_noise
TU,data/raw_videos/TU/TU_rep_2_125739.mp4,data/landmarks/TU/TU_rep_2_125739.npy,data/landmarks_hands_only/TU/TU_rep_2_125739.npy,60,52.25,0.9166666666666666,0,0.9166666666666666,0.0,0.9166666666666666,0.0833333333333333,0.962962962962963,ACCEPT,False,original
COMER,data/raw_videos/COMER/COMER_rep_1_140703.mp4,data/landmarks/COMER/COMER_rep_1_140703_aug_0.npy,data/landmarks_hands_only/COMER/COMER_rep_1_140703_aug_0.npy,60,54.0,1.0,0,1.0,0.0,1.0,0.0,1.0,ACCEPT,True,temporal_warp+spatial_scale+gaussian_noise
GRACIAS,data/raw_videos/GRACIAS/GRACIAS_rep_1_113601.mp4,data/landmarks/GRACIAS/GRACIAS_rep_1_113601.npy,data/landmarks_hands_only/GRACIAS/GRACIAS_rep_1_113601.npy,60,72.55,0.9833333333333332,0,1.8833333333333333,0.9,0.0833333333333333,0.0166666666666666,0.9690833333333332,ACCEPT,False,original
GRACIAS,data/raw_videos/GRACIAS/GRACIAS_rep_0_121145.mp4,data/landmarks/GRACIAS/GRACIAS_rep_0_121145.npy,data/landmarks_hands_only/GRACIAS/GRACIAS_rep_0_121145.npy,60,74.65,1.0,0,1.9833333333333336,0.9833333333333332,0.0166666666666666,0.0,0.9955833333333334,ACCEPT,False,original
YO,data/raw_videos/YO/YO_rep_1_125352.mp4,data/landmarks/YO/YO_rep_1_125352.npy,data/landmarks_hands_only/YO/YO_rep_1_125352.npy,60,51.2,0.8666666666666667,0,0.8666666666666667,0.0,0.8666666666666667,0.1333333333333333,0.9407407407407408,ACCEPT,False,original
COMER,data/raw_videos/COMER/COMER_rep_3_105906.mp4,data/landmarks/COMER/COMER_rep_3_105906.npy,data/landmarks_hands_only/COMER/COMER_rep_3_105906.npy,60,54.0,1.0,0,1.0,0.0,1.0,0.0,1.0,ACCEPT,False,original
AYUDA,data/raw_videos/AYUDA/AYUDA_rep_0_120455.mp4,data/landmarks/AYUDA/AYUDA_rep_0_120455_aug_0.npy,data/landmarks_hands_only/AYUDA/AYUDA_rep_0_120455_aug_0.npy,60,74.3,1.0,0,1.9666666666666663,0.9666666666666668,0.0333333333333333,0.0,0.9911666666666666,ACCEPT,True,temporal_warp+spatial_scale+gaussian_noise
COMER,data/raw_videos/COMER/COMER_rep_1_105810.mp4,data/landmarks/COMER/COMER_rep_1_105810_aug_0.npy,data/landmarks_hands_only/COMER/COMER_rep_1_105810_aug_0.npy,60,52.6,0.9166666666666666,0,0.9333333333333332,0.0166666666666666,0.9,0.0833333333333333,0.9662037037037036,ACCEPT,True,temporal_warp+spatial_scale+gaussian_noise
HOLA,data/raw_videos/HOLA/HOLA_rep_0_121711.mp4,data/landmarks/HOLA/HOLA_rep_0_121711.npy,data/landmarks_hands_only/HOLA/HOLA_rep_0_121711.npy,60,52.6,0.9333333333333332,0,0.9333333333333332,0.0,0.9333333333333332,0.0666666666666666,0.9703703703703704,ACCEPT,False,original
